Random Walk,DT
,2469,1739,1599,140
,2644,1744,1599,145
,2572,1753,1599,154
,2606,1745,1599,146
,2636,1721,1599,122
,2614,1750,1599,151
,2609,1719,1599,120
,2550,1751,1599,152
,2643,1733,1599,134
,2560,1729,1599,130
Avg of 100
,5228,1884,1599,285
,5057,1898,1599,299
,5133,1885,1599,286
,5115,1877,1599,278
,5214,1893,1599,294
,5274,1909,1599,310
,5048,1873,1599,274
,5081,1868,1599,269
,5163,1886,1599,287
,5222,1883,1599,284
Avg of 200
,7551,2021,1599,422
,7897,2061,1599,462
,7773,2034,1599,435
,7611,2028,1599,429
,7748,2022,1599,423
,7852,2049,1599,450
,7721,2019,1599,420
,7901,2054,1599,455
,7840,2054,1599,455
,7610,2017,1599,418
Avg of 300
,10360,2186,1599,587
,10308,2185,1599,586
,10417,2187,1599,588
,10297,2185,1599,586
,10404,2167,1599,568
,10295,2159,1599,560
,10158,2179,1599,580
,10350,2205,1599,606
,10197,2169,1599,570
,10213,2167,1599,568
Avg of 400
,12872,2317,1599,718
,12873,2309,1599,710
,13086,2355,1599,756
,12824,2302,1599,703
,12909,2360,1599,761
,13147,2350,1599,751
,12921,2315,1599,716
,12856,2321,1599,722
,13044,2311,1599,712
,12938,2308,1599,709
Avg of 500
,15198,2444,1599,845
,15597,2489,1599,890
,14833,2427,1599,828
,15343,2463,1599,864
,15414,2465,1599,866
,15776,2487,1599,888
,15501,2464,1599,865
,15366,2483,1599,884
,15441,2458,1599,859
,15401,2453,1599,854
Avg of 600
,17741,2588,1599,989
,18003,2580,1599,981
,18096,2629,1599,1030
,17986,2578,1599,979
,17730,2615,1599,1016
,18047,2611,1599,1012
,17805,2568,1599,969
,17906,2590,1599,991
,17911,2614,1599,1015
,18075,2631,1599,1032
Avg of 700
,20599,2770,1599,1171
,20279,2703,1599,1104
,20429,2756,1599,1157
,20351,2737,1599,1138
,20488,2777,1599,1178
,20718,2740,1599,1141
,20669,2754,1599,1155
,20684,2750,1599,1151
,20334,2756,1599,1157
,20501,2727,1599,1128
Avg of 800
,23378,2953,1599,1354
,23107,2896,1599,1297
,22895,2914,1599,1315
,22972,2876,1599,1277
,22845,2845,1599,1246
,23065,2848,1599,1249
,23124,2915,1599,1316
,22743,2869,1599,1270
,23029,2928,1599,1329
,23131,2901,1599,1302
Avg of 900
,25449,3027,1599,1428
,25641,3058,1599,1459
,25867,3116,1599,1517
,25745,3010,1599,1411
,25419,2997,1599,1398
,25833,3029,1599,1430
,25495,3007,1599,1408
,25865,3072,1599,1473
,25868,3040,1599,1441
,25881,3055,1599,1456
Avg of 1000
Random Walk,DT2
,2529,1765,1599,166
,2613,1772,1599,173
,2505,1770,1599,171
,2679,1783,1599,184
,2531,1769,1599,170
,2604,1771,1599,172
,2533,1776,1599,177
,2464,1774,1599,175
,2578,1786,1599,187
,2546,1769,1599,170
Avg of 100
,5111,1967,1599,368
,5051,1952,1599,353
,5098,1935,1599,336
,5001,1948,1599,349
,4867,1924,1599,325
,4957,1947,1599,348
,4984,1936,1599,337
,5116,1943,1599,344
,5117,1956,1599,357
,4917,1930,1599,331
Avg of 200
,7567,2100,1599,501
,7749,2108,1599,509
,7436,2103,1599,504
,7627,2131,1599,532
,7607,2123,1599,524
,7617,2117,1599,518
,7763,2127,1599,528
,7704,2116,1599,517
,7723,2112,1599,513
,7475,2130,1599,531
Avg of 300
,10085,2265,1599,666
,10182,2290,1599,691
,10316,2288,1599,689
,10050,2263,1599,664
,10159,2298,1599,699
,10222,2282,1599,683
,10073,2275,1599,676
,10074,2276,1599,677
,10015,2268,1599,669
,10163,2300,1599,701
Avg of 400
,12663,2462,1599,863
,12784,2466,1599,867
,12599,2436,1599,837
,12626,2453,1599,854
,12595,2459,1599,860
,12487,2453,1599,854
,12635,2461,1599,862
,12690,2456,1599,857
,12594,2447,1599,848
,12382,2447,1599,848
Avg of 500
,15419,2628,1599,1029
,15237,2628,1599,1029
,14843,2625,1599,1026
,15141,2628,1599,1029
,15290,2634,1599,1035
,15334,2597,1599,998
,15146,2627,1599,1028
,15169,2622,1599,1023
,14990,2599,1599,1000
,15357,2630,1599,1031
Avg of 600
,17505,2800,1599,1201
,18009,2804,1599,1205
,17555,2767,1599,1168
,17633,2810,1599,1211
,17687,2790,1599,1191
,17513,2765,1599,1166
,17885,2830,1599,1231
,17335,2796,1599,1197
,17701,2795,1599,1196
,17721,2790,1599,1191
Avg of 700
,20445,2993,1599,1394
,20011,2980,1599,1381
,20312,2957,1599,1358
,19936,2946,1599,1347
,19896,2934,1599,1335
,20362,2977,1599,1378
,20132,2964,1599,1365
,20127,2977,1599,1378
,20504,3002,1599,1403
,20145,2963,1599,1364
Avg of 800
,22714,3191,1599,1592
,22963,3166,1599,1567
,22785,3181,1599,1582
,22516,3136,1599,1537
,22810,3163,1599,1564
,22883,3134,1599,1535
,22572,3108,1599,1509
,22667,3148,1599,1549
,22806,3148,1599,1549
,22722,3170,1599,1571
Avg of 900
,25371,3294,1599,1695
,25154,3307,1599,1708
,25368,3319,1599,1720
,25099,3331,1599,1732
,24773,3299,1599,1700
,24928,3306,1599,1707
,24973,3300,1599,1701
,25045,3325,1599,1726
,25272,3318,1599,1719
,24903,3283,1599,1684
Avg of 1000
Random Walk,HV
,2523,1734,1599,135
,2415,1714,1599,115
,2409,1721,1599,122
,2414,1725,1599,126
,2259,1716,1599,117
,2317,1723,1599,124
,2459,1738,1599,139
,2488,1718,1599,119
,2508,1740,1599,141
,2428,1744,1599,145
Avg of 100
,4800,1849,1599,250
,4848,1877,1599,278
,4754,1844,1599,245
,4851,1843,1599,244
,4848,1859,1599,260
,4707,1834,1599,235
,4848,1846,1599,247
,4927,1849,1599,250
,5039,1875,1599,276
,4673,1862,1599,263
Avg of 200
,7247,1962,1599,363
,7139,1972,1599,373
,7374,1970,1599,371
,7090,1979,1599,380
,7238,1976,1599,377
,7239,2000,1599,401
,7295,1979,1599,380
,6963,1979,1599,380
,7194,1976,1599,377
,7111,1978,1599,379
Avg of 300
,9547,2126,1599,527
,9563,2123,1599,524
,9628,2093,1599,494
,9479,2082,1599,483
,9558,2085,1599,486
,9535,2118,1599,519
,9468,2083,1599,484
,9717,2116,1599,517
,9768,2123,1599,524
,9480,2088,1599,489
Avg of 400
,12059,2268,1599,669
,11860,2250,1599,651
,12168,2260,1599,661
,11996,2238,1599,639
,11689,2238,1599,639
,11697,2205,1599,606
,11892,2217,1599,618
,11911,2225,1599,626
,11957,2246,1599,647
,11816,2226,1599,627
Avg of 500
,14294,2373,1599,774
,14362,2391,1599,792
,14163,2404,1599,805
,14388,2381,1599,782
,14269,2355,1599,756
,14289,2336,1599,737
,14407,2403,1599,804
,14506,2398,1599,799
,14246,2362,1599,763
,14373,2367,1599,768
Avg of 600
,16799,2549,1599,950
,16811,2474,1599,875
,16737,2482,1599,883
,16709,2510,1599,911
,16861,2481,1599,882
,16731,2496,1599,897
,16461,2481,1599,882
,16773,2486,1599,887
,16600,2486,1599,887
,16752,2464,1599,865
Avg of 700
,19087,2623,1599,1024
,19421,2653,1599,1054
,19017,2587,1599,988
,19457,2648,1599,1049
,19147,2598,1599,999
,19107,2622,1599,1023
,19153,2636,1599,1037
,19263,2681,1599,1082
,19065,2624,1599,1025
,18924,2610,1599,1011
Avg of 800
,21523,2729,1599,1130
,21438,2690,1599,1091
,21477,2730,1599,1131
,21642,2752,1599,1153
,21605,2747,1599,1148
,21192,2764,1599,1165
,21627,2770,1599,1171
,21434,2741,1599,1142
,21759,2745,1599,1146
,21481,2726,1599,1127
Avg of 900
,23649,2820,1599,1221
,23876,2868,1599,1269
,23795,2883,1599,1284
,23872,2890,1599,1291
,23452,2855,1599,1256
,23985,2855,1599,1256
,23720,2923,1599,1324
,23522,2887,1599,1288
,23620,2890,1599,1291
,23416,2834,1599,1235
Avg of 1000
Random Walk,HV2
,2342,1739,1599,140
,2382,1740,1599,141
,2360,1727,1599,128
,2459,1729,1599,130
,2274,1718,1599,119
,2331,1724,1599,125
,2431,1726,1599,127
,2394,1732,1599,133
,2326,1740,1599,141
,2377,1740,1599,141
Avg of 100
,4716,1840,1599,241
,4877,1864,1599,265
,4693,1839,1599,240
,4704,1826,1599,227
,4732,1865,1599,266
,4691,1854,1599,255
,4682,1863,1599,264
,4791,1849,1599,250
,4560,1848,1599,249
,4702,1864,1599,265
Avg of 200
,7149,1986,1599,387
,7360,2011,1599,412
,7227,1997,1599,398
,7002,2014,1599,415
,7152,1985,1599,386
,7107,1981,1599,382
,7302,1962,1599,363
,7077,1973,1599,374
,7054,1982,1599,383
,6971,1974,1599,375
Avg of 300
,9328,2110,1599,511
,9302,2093,1599,494
,9407,2085,1599,486
,9677,2117,1599,518
,9478,2095,1599,496
,9262,2078,1599,479
,9565,2119,1599,520
,9415,2071,1599,472
,9651,2112,1599,513
,9336,2093,1599,494
Avg of 400
,11824,2237,1599,638
,12157,2274,1599,675
,11806,2245,1599,646
,11774,2229,1599,630
,11787,2206,1599,607
,11970,2226,1599,627
,12115,2212,1599,613
,11788,2240,1599,641
,11937,2261,1599,662
,11938,2237,1599,638
Avg of 500
,13950,2385,1599,786
,14172,2406,1599,807
,14188,2368,1599,769
,14112,2335,1599,736
,14012,2338,1599,739
,14078,2362,1599,763
,13927,2345,1599,746
,14193,2402,1599,803
,14286,2348,1599,749
,14418,2354,1599,755
Avg of 600
,16810,2480,1599,881
,16407,2518,1599,919
,16826,2478,1599,879
,16386,2471,1599,872
,16526,2528,1599,929
,16421,2510,1599,911
,16981,2498,1599,899
,16463,2490,1599,891
,16503,2444,1599,845
,16760,2511,1599,912
Avg of 700
,18802,2592,1599,993
,19135,2583,1599,984
,18927,2636,1599,1037
,18807,2594,1599,995
,19109,2679,1599,1080
,19190,2654,1599,1055
,18898,2616,1599,1017
,18899,2585,1599,986
,19019,2624,1599,1025
,18954,2604,1599,1005
Avg of 800
,21497,2730,1599,1131
,21154,2713,1599,1114
,21530,2751,1599,1152
,21394,2731,1599,1132
,21503,2760,1599,1161
,21446,2754,1599,1155
,21119,2694,1599,1095
,21120,2737,1599,1138
,21412,2720,1599,1121
,21518,2769,1599,1170
Avg of 900
,23554,2829,1599,1230
,24121,2837,1599,1238
,23615,2846,1599,1247
,23483,2844,1599,1245
,23616,2888,1599,1289
,23857,2920,1599,1321
,23593,2869,1599,1270
,23538,2857,1599,1258
,23177,2851,1599,1252
,23399,2863,1599,1264
Avg of 1000
Random Walk,KNN
,2185,1698,1599,99
,2292,1690,1599,91
,2164,1703,1599,104
,2197,1714,1599,115
,2063,1699,1599,100
,2223,1705,1599,106
,2162,1710,1599,111
,2188,1709,1599,110
,2173,1700,1599,101
,2189,1709,1599,110
Avg of 100
,4413,1832,1599,233
,4527,1796,1599,197
,4166,1802,1599,203
,4359,1825,1599,226
,4240,1811,1599,212
,4285,1825,1599,226
,4305,1814,1599,215
,4416,1813,1599,214
,4405,1801,1599,202
,4257,1810,1599,211
Avg of 200
,6390,1919,1599,320
,6314,1934,1599,335
,6355,1902,1599,303
,6554,1892,1599,293
,6502,1933,1599,334
,6425,1927,1599,328
,6558,1914,1599,315
,6547,1894,1599,295
,6414,1913,1599,314
,6416,1930,1599,331
Avg of 300
,8677,2010,1599,411
,8804,2036,1599,437
,8476,2035,1599,436
,8473,2026,1599,427
,8739,2050,1599,451
,8779,2032,1599,433
,8707,2020,1599,421
,8677,1996,1599,397
,8836,2018,1599,419
,8655,2028,1599,429
Avg of 400
,10835,2136,1599,537
,10757,2123,1599,524
,10731,2126,1599,527
,10770,2099,1599,500
,10686,2146,1599,547
,10822,2115,1599,516
,10746,2124,1599,525
,10552,2130,1599,531
,10876,2140,1599,541
,10750,2144,1599,545
Avg of 500
,13128,2271,1599,672
,13137,2274,1599,675
,12671,2211,1599,612
,12925,2218,1599,619
,12914,2240,1599,641
,12982,2252,1599,653
,13104,2245,1599,646
,12791,2215,1599,616
,12951,2255,1599,656
,12880,2234,1599,635
Avg of 600
,15211,2330,1599,731
,15210,2311,1599,712
,15395,2368,1599,769
,15188,2338,1599,739
,15192,2351,1599,752
,14993,2316,1599,717
,14951,2313,1599,714
,15180,2348,1599,749
,15087,2381,1599,782
,15434,2348,1599,749
Avg of 700
,17171,2468,1599,869
,16790,2445,1599,846
,17478,2449,1599,850
,17148,2407,1599,808
,17196,2478,1599,879
,17128,2455,1599,856
,17123,2431,1599,832
,17165,2454,1599,855
,16920,2444,1599,845
,17062,2451,1599,852
Avg of 800
,19517,2566,1599,967
,19541,2585,1599,986
,19473,2566,1599,967
,19090,2599,1599,1000
,19262,2509,1599,910
,19169,2584,1599,985
,19368,2536,1599,937
,19380,2578,1599,979
,19618,2582,1599,983
,19527,2539,1599,940
Avg of 900
,21134,2672,1599,1073
,21414,2604,1599,1005
,21449,2649,1599,1050
,21485,2705,1599,1106
,21056,2666,1599,1067
,21627,2639,1599,1040
,21262,2672,1599,1073
,21616,2704,1599,1105
,21426,2685,1599,1086
,21612,2679,1599,1080
Avg of 1000
Random Walk,KNN2
,2168,1726,1599,127
,2214,1717,1599,118
,2233,1706,1599,107
,2127,1712,1599,113
,2134,1711,1599,112
,2016,1719,1599,120
,2075,1709,1599,110
,1994,1702,1599,103
,2167,1716,1599,117
,2105,1713,1599,114
Avg of 100
,4411,1827,1599,228
,4323,1826,1599,227
,4097,1837,1599,238
,4317,1829,1599,230
,4318,1840,1599,241
,4273,1845,1599,246
,4083,1837,1599,238
,4380,1820,1599,221
,4285,1818,1599,219
,4190,1814,1599,215
Avg of 200
,6184,1924,1599,325
,6423,1918,1599,319
,6075,1906,1599,307
,6549,1933,1599,334
,6308,1938,1599,339
,6569,1927,1599,328
,6432,1920,1599,321
,6484,1961,1599,362
,6631,1961,1599,362
,6281,1957,1599,358
Avg of 300
,8268,2028,1599,429
,8546,2055,1599,456
,8648,2052,1599,453
,8352,2076,1599,477
,8656,2047,1599,448
,8582,2041,1599,442
,8454,2036,1599,437
,8390,2050,1599,451
,8360,2102,1599,503
,8630,2052,1599,453
Avg of 400
,10380,2151,1599,552
,10459,2136,1599,537
,10544,2147,1599,548
,10721,2165,1599,566
,10666,2172,1599,573
,10955,2156,1599,557
,10546,2130,1599,531
,10472,2159,1599,560
,10477,2124,1599,525
,10302,2169,1599,570
Avg of 500
,12715,2261,1599,662
,12466,2282,1599,683
,12695,2287,1599,688
,12616,2236,1599,637
,12717,2301,1599,702
,12861,2315,1599,716
,12749,2286,1599,687
,12827,2276,1599,677
,12837,2305,1599,706
,12817,2305,1599,706
Avg of 600
,15141,2382,1599,783
,14911,2381,1599,782
,14806,2387,1599,788
,14824,2360,1599,761
,14830,2389,1599,790
,14590,2411,1599,812
,14562,2355,1599,756
,14597,2394,1599,795
,14549,2355,1599,756
,14539,2403,1599,804
Avg of 700
,16909,2489,1599,890
,17122,2475,1599,876
,16882,2507,1599,908
,16592,2473,1599,874
,17061,2498,1599,899
,16902,2494,1599,895
,16714,2507,1599,908
,16757,2478,1599,879
,16675,2462,1599,863
,17215,2509,1599,910
Avg of 800
,18923,2572,1599,973
,18792,2609,1599,1010
,19103,2599,1599,1000
,18955,2632,1599,1033
,18954,2615,1599,1016
,19470,2584,1599,985
,19264,2633,1599,1034
,18892,2643,1599,1044
,19103,2613,1599,1014
,19426,2603,1599,1004
Avg of 900
,20691,2640,1599,1041
,20768,2706,1599,1107
,20917,2729,1599,1130
,20765,2702,1599,1103
,21334,2748,1599,1149
,21036,2687,1599,1088
,21026,2718,1599,1119
,21382,2687,1599,1088
,21073,2714,1599,1115
,21155,2751,1599,1152
Avg of 1000
Random Walk,LR
,2525,1725,1599,126
,2500,1744,1599,145
,2564,1727,1599,128
,2716,1751,1599,152
,2514,1718,1599,119
,2450,1722,1599,123
,2483,1712,1599,113
,2526,1717,1599,118
,2514,1726,1599,127
,2525,1717,1599,118
Avg of 100
,5117,1867,1599,268
,5033,1867,1599,268
,5025,1846,1599,247
,4837,1837,1599,238
,5058,1852,1599,253
,5108,1854,1599,255
,5015,1840,1599,241
,5014,1858,1599,259
,5022,1846,1599,247
,5163,1857,1599,258
Avg of 200
,7556,1991,1599,392
,7434,1984,1599,385
,7658,1986,1599,387
,7583,1991,1599,392
,7614,2005,1599,406
,7540,1980,1599,381
,7605,2008,1599,409
,7552,1980,1599,381
,7573,2014,1599,415
,7407,1945,1599,346
Avg of 300
,10196,2121,1599,522
,10115,2098,1599,499
,10234,2107,1599,508
,10254,2156,1599,557
,10000,2092,1599,493
,9847,2081,1599,482
,10065,2090,1599,491
,10130,2084,1599,485
,10089,2077,1599,478
,10170,2129,1599,530
Avg of 400
,12615,2231,1599,632
,12646,2240,1599,641
,12678,2213,1599,614
,12417,2268,1599,669
,12735,2241,1599,642
,12600,2244,1599,645
,12748,2237,1599,638
,12538,2227,1599,628
,12578,2229,1599,630
,12664,2261,1599,662
Avg of 500
,15171,2363,1599,764
,15338,2369,1599,770
,15215,2395,1599,796
,14954,2409,1599,810
,15297,2373,1599,774
,15001,2330,1599,731
,14883,2349,1599,750
,14767,2371,1599,772
,14977,2378,1599,779
,15192,2383,1599,784
Avg of 600
,17588,2506,1599,907
,17563,2511,1599,912
,17506,2501,1599,902
,17577,2480,1599,881
,17473,2452,1599,853
,17426,2478,1599,879
,17634,2525,1599,926
,17351,2492,1599,893
,17522,2480,1599,881
,17326,2435,1599,836
Avg of 700
,19866,2589,1599,990
,20142,2642,1599,1043
,20186,2666,1599,1067
,20196,2626,1599,1027
,19975,2635,1599,1036
,20185,2668,1599,1069
,20000,2604,1599,1005
,20248,2636,1599,1037
,20352,2614,1599,1015
,20048,2635,1599,1036
Avg of 800
,22297,2765,1599,1166
,22620,2721,1599,1122
,22755,2755,1599,1156
,22511,2758,1599,1159
,22222,2726,1599,1127
,22462,2759,1599,1160
,22655,2724,1599,1125
,22745,2774,1599,1175
,22623,2750,1599,1151
,22539,2732,1599,1133
Avg of 900
,24852,2861,1599,1262
,25338,2923,1599,1324
,24867,2860,1599,1261
,25085,2904,1599,1305
,25343,2922,1599,1323
,24882,2830,1599,1231
,24881,2878,1599,1279
,25035,2873,1599,1274
,25053,2858,1599,1259
,24874,2834,1599,1235
Avg of 1000
Random Walk,LR2
,2566,1728,1599,129
,2496,1724,1599,125
,2493,1724,1599,125
,2453,1719,1599,120
,2613,1736,1599,137
,2559,1737,1599,138
,2443,1726,1599,127
,2495,1718,1599,119
,2523,1733,1599,134
,2591,1741,1599,142
Avg of 100
,4790,1855,1599,256
,5090,1879,1599,280
,5174,1863,1599,264
,5193,1854,1599,255
,5074,1832,1599,233
,5067,1853,1599,254
,4964,1863,1599,264
,5012,1871,1599,272
,5160,1876,1599,277
,5212,1872,1599,273
Avg of 200
,7559,2017,1599,418
,7524,1987,1599,388
,7632,2005,1599,406
,7615,1986,1599,387
,7494,1994,1599,395
,7473,1946,1599,347
,7483,1964,1599,365
,7571,1995,1599,396
,7607,1982,1599,383
,7583,1996,1599,397
Avg of 300
,10031,2123,1599,524
,10031,2154,1599,555
,10177,2151,1599,552
,10243,2109,1599,510
,10270,2109,1599,510
,9923,2108,1599,509
,10027,2148,1599,549
,9940,2116,1599,517
,10220,2089,1599,490
,10152,2099,1599,500
Avg of 400
,12655,2248,1599,649
,12502,2229,1599,630
,12583,2250,1599,651
,12562,2252,1599,653
,12497,2227,1599,628
,12828,2254,1599,655
,12649,2244,1599,645
,12553,2256,1599,657
,12668,2229,1599,630
,12612,2241,1599,642
Avg of 500
,14911,2362,1599,763
,15118,2365,1599,766
,15178,2373,1599,774
,14997,2384,1599,785
,14982,2357,1599,758
,14994,2381,1599,782
,15034,2354,1599,755
,15020,2371,1599,772
,15186,2355,1599,756
,15293,2387,1599,788
Avg of 600
,17783,2550,1599,951
,17542,2493,1599,894
,17568,2485,1599,886
,17811,2499,1599,900
,17534,2482,1599,883
,17799,2522,1599,923
,17613,2500,1599,901
,17630,2483,1599,884
,17693,2498,1599,899
,17672,2512,1599,913
Avg of 700
,19918,2572,1599,973
,19859,2604,1599,1005
,20088,2662,1599,1063
,19991,2605,1599,1006
,20089,2648,1599,1049
,19847,2606,1599,1007
,19971,2654,1599,1055
,20234,2613,1599,1014
,19793,2614,1599,1015
,19988,2602,1599,1003
Avg of 800
,22468,2703,1599,1104
,22779,2792,1599,1193
,22767,2739,1599,1140
,22792,2753,1599,1154
,22775,2797,1599,1198
,22612,2752,1599,1153
,22674,2780,1599,1181
,22767,2791,1599,1192
,22569,2748,1599,1149
,22413,2705,1599,1106
Avg of 900
,25262,2918,1599,1319
,25014,2882,1599,1283
,24931,2818,1599,1219
,25311,2920,1599,1321
,24823,2864,1599,1265
,24909,2814,1599,1215
,25074,2872,1599,1273
,25357,2872,1599,1273
,25080,2884,1599,1285
,25173,2849,1599,1250
Avg of 1000
Random Walk,NB
,2563,1779,1599,180
,2757,1782,1599,183
,2633,1783,1599,184
,2590,1778,1599,179
,2626,1773,1599,174
,2623,1770,1599,171
,2640,1786,1599,187
,2652,1784,1599,185
,2656,1786,1599,187
,2684,1779,1599,180
Avg of 100
,5234,1960,1599,361
,5284,1966,1599,367
,5238,1976,1599,377
,5200,1958,1599,359
,5299,1979,1599,380
,5231,1966,1599,367
,5291,1961,1599,362
,5089,1957,1599,358
,5208,1968,1599,369
,5131,1965,1599,366
Avg of 200
,7892,2146,1599,547
,7944,2154,1599,555
,7955,2164,1599,565
,7822,2137,1599,538
,7880,2141,1599,542
,8096,2148,1599,549
,7995,2161,1599,562
,7797,2149,1599,550
,7823,2153,1599,554
,7690,2115,1599,516
Avg of 300
,10632,2325,1599,726
,10483,2345,1599,746
,10367,2343,1599,744
,10335,2340,1599,741
,10393,2339,1599,740
,10350,2319,1599,720
,10506,2356,1599,757
,10454,2336,1599,737
,10542,2341,1599,742
,10475,2343,1599,744
Avg of 400
,13137,2528,1599,929
,12989,2513,1599,914
,13052,2509,1599,910
,13031,2544,1599,945
,13127,2521,1599,922
,13295,2537,1599,938
,13213,2524,1599,925
,13119,2523,1599,924
,13044,2520,1599,921
,13157,2525,1599,926
Avg of 500
,15632,2676,1599,1077
,15646,2710,1599,1111
,15768,2701,1599,1102
,15833,2700,1599,1101
,15766,2717,1599,1118
,15576,2704,1599,1105
,15618,2681,1599,1082
,15650,2688,1599,1089
,15660,2693,1599,1094
,15766,2683,1599,1084
Avg of 600
,18334,2894,1599,1295
,18412,2889,1599,1290
,18568,2884,1599,1285
,18481,2872,1599,1273
,18356,2888,1599,1289
,18442,2892,1599,1293
,18559,2896,1599,1297
,17891,2847,1599,1248
,18424,2892,1599,1293
,18343,2872,1599,1273
Avg of 700
,20925,3070,1599,1471
,21270,3075,1599,1476
,20990,3064,1599,1465
,20896,3066,1599,1467
,20758,3057,1599,1458
,20803,3020,1599,1421
,20906,3064,1599,1465
,21098,3056,1599,1457
,20756,3010,1599,1411
,20971,3058,1599,1459
Avg of 800
,23255,3223,1599,1624
,23494,3234,1599,1635
,23606,3254,1599,1655
,23677,3257,1599,1658
,23330,3244,1599,1645
,23604,3246,1599,1647
,23772,3264,1599,1665
,23699,3254,1599,1655
,23575,3265,1599,1666
,23320,3240,1599,1641
Avg of 900
,26245,3422,1599,1823
,25766,3440,1599,1841
,26119,3451,1599,1852
,26351,3434,1599,1835
,26040,3423,1599,1824
,26367,3450,1599,1851
,26417,3460,1599,1861
,25866,3449,1599,1850
,26328,3424,1599,1825
,25938,3427,1599,1828
Avg of 1000
Random Walk,NB2
,2650,1785,1599,186
,2703,1779,1599,180
,2767,1788,1599,189
,2628,1794,1599,195
,2607,1783,1599,184
,2588,1788,1599,189
,2626,1775,1599,176
,2640,1781,1599,182
,2715,1783,1599,184
,2717,1794,1599,195
Avg of 100
,5375,1962,1599,363
,5236,1969,1599,370
,5249,1959,1599,360
,5419,1977,1599,378
,5222,1964,1599,365
,5252,1962,1599,363
,5255,1969,1599,370
,5309,1977,1599,378
,5204,1948,1599,349
,5265,1966,1599,367
Avg of 200
,7974,2153,1599,554
,7931,2135,1599,536
,7880,2154,1599,555
,7851,2152,1599,553
,8046,2148,1599,549
,7943,2163,1599,564
,7862,2138,1599,539
,7834,2147,1599,548
,7821,2131,1599,532
,7775,2164,1599,565
Avg of 300
,10449,2336,1599,737
,10418,2314,1599,715
,10465,2337,1599,738
,10516,2341,1599,742
,10733,2340,1599,741
,10653,2324,1599,725
,10553,2328,1599,729
,10410,2328,1599,729
,10674,2346,1599,747
,10732,2337,1599,738
Avg of 400
,13063,2526,1599,927
,13210,2502,1599,903
,13078,2504,1599,905
,13273,2502,1599,903
,13227,2520,1599,921
,13226,2514,1599,915
,13147,2514,1599,915
,13148,2531,1599,932
,13074,2503,1599,904
,13011,2531,1599,932
Avg of 500
,15509,2687,1599,1088
,15617,2691,1599,1092
,15873,2718,1599,1119
,15835,2710,1599,1111
,15849,2696,1599,1097
,15862,2717,1599,1118
,15739,2704,1599,1105
,15688,2701,1599,1102
,15731,2690,1599,1091
,15951,2714,1599,1115
Avg of 600
,18543,2884,1599,1285
,18528,2913,1599,1314
,18193,2884,1599,1285
,18245,2919,1599,1320
,18369,2897,1599,1298
,18274,2878,1599,1279
,18228,2863,1599,1264
,18586,2876,1599,1277
,18477,2887,1599,1288
,18339,2885,1599,1286
Avg of 700
,21161,3069,1599,1470
,21063,3063,1599,1464
,21249,3080,1599,1481
,20863,3070,1599,1471
,20919,3085,1599,1486
,21117,3069,1599,1470
,21146,3063,1599,1464
,20754,3073,1599,1474
,20913,3064,1599,1465
,20884,3046,1599,1447
Avg of 800
,23738,3270,1599,1671
,23395,3236,1599,1637
,23552,3245,1599,1646
,23339,3256,1599,1657
,23625,3266,1599,1667
,23481,3219,1599,1620
,23405,3256,1599,1657
,23563,3254,1599,1655
,23482,3246,1599,1647
,23607,3285,1599,1686
Avg of 900
,26255,3421,1599,1822
,26518,3457,1599,1858
,26303,3415,1599,1816
,25975,3442,1599,1843
,26040,3433,1599,1834
,25973,3401,1599,1802
,26227,3400,1599,1801
,26296,3434,1599,1835
,26004,3408,1599,1809
,25867,3448,1599,1849
Avg of 1000

Random Walk,Stack
,2409,1719,1599,120
,2239,1725,1599,126
,2217,1723,1599,124
,2434,1739,1599,140
,2363,1721,1599,122
,2463,1729,1599,130
,2362,1728,1599,129
,2281,1735,1599,136
,2426,1711,1599,112
,2313,1710,1599,111
Avg of 100
,4845,1856,1599,257
,4603,1857,1599,258
,4754,1828,1599,229
,4733,1831,1599,232
,4629,1850,1599,251
,4708,1848,1599,249
,4562,1857,1599,258
,4691,1828,1599,229
,4812,1853,1599,254
,4639,1840,1599,241
Avg of 200
,7075,1971,1599,372
,7223,1997,1599,398
,7079,1982,1599,383
,7140,1993,1599,394
,7050,1966,1599,367
,6952,1950,1599,351
,7264,2001,1599,402
,6949,1964,1599,365
,7048,1979,1599,380
,7291,1988,1599,389
Avg of 300
,9530,2114,1599,515
,9215,2098,1599,499
,9532,2106,1599,507
,9306,2102,1599,503
,9467,2077,1599,478
,9254,2092,1599,493
,9433,2120,1599,521
,9316,2112,1599,513
,9538,2094,1599,495
,9395,2092,1599,493
Avg of 400
,11851,2242,1599,643
,11825,2236,1599,637
,11838,2202,1599,603
,11446,2197,1599,598
,11704,2223,1599,624
,11670,2223,1599,624
,11723,2220,1599,621
,11755,2209,1599,610
,11807,2217,1599,618
,11845,2221,1599,622
Avg of 500
,14195,2359,1599,760
,14178,2342,1599,743
,13817,2318,1599,719
,14146,2325,1599,726
,13848,2335,1599,736
,14105,2351,1599,752
,14277,2358,1599,759
,14222,2327,1599,728
,14172,2362,1599,763
,14093,2330,1599,731
Avg of 600
,16744,2514,1599,915
,16120,2443,1599,844
,16455,2489,1599,890
,16277,2470,1599,871
,16602,2487,1599,888
,16291,2495,1599,896
,16453,2459,1599,860
,16373,2479,1599,880
,16407,2471,1599,872
,16333,2452,1599,853
Avg of 700
,18954,2576,1599,977
,18596,2574,1599,975
,18527,2571,1599,972
,18496,2600,1599,1001
,18327,2590,1599,991
,18715,2588,1599,989
,18958,2585,1599,986
,18383,2571,1599,972
,18459,2593,1599,994
,18460,2591,1599,992
Avg of 800
,21285,2699,1599,1100
,21499,2726,1599,1127
,21068,2703,1599,1104
,21096,2736,1599,1137
,21081,2744,1599,1145
,21092,2686,1599,1087
,20849,2720,1599,1121
,20893,2721,1599,1122
,21376,2755,1599,1156
,20977,2732,1599,1133
Avg of 900
,23184,2845,1599,1246
,23241,2817,1599,1218
,23470,2827,1599,1228
,23563,2830,1599,1231
,23531,2901,1599,1302
,23657,2836,1599,1237
,23261,2813,1599,1214
,23536,2840,1599,1241
,23305,2825,1599,1226
,23241,2833,1599,1234
Avg of 1000

Random Walk,Stack3
,2368,1727,1599,128
,2335,1724,1599,125
,2409,1744,1599,145
,2374,1737,1599,138
,2253,1737,1599,138
,2341,1733,1599,134
,2339,1729,1599,130
,2408,1723,1599,124
,2351,1718,1599,119
,2381,1735,1599,136
Avg of 100
,4703,1882,1599,283
,4639,1855,1599,256
,4821,1886,1599,287
,4710,1856,1599,257
,4814,1870,1599,271
,4794,1868,1599,269
,4774,1882,1599,283
,4715,1868,1599,269
,4623,1867,1599,268
,4701,1868,1599,269
Avg of 200
,7123,1999,1599,400
,6963,1987,1599,388
,7006,1999,1599,400
,6945,1991,1599,392
,7049,2004,1599,405
,6843,1991,1599,392
,7018,1997,1599,398
,6887,2011,1599,412
,7188,2020,1599,421
,6885,1984,1599,385
Avg of 300
,9288,2133,1599,534
,9145,2115,1599,516
,9475,2152,1599,553
,9368,2158,1599,559
,9140,2110,1599,511
,9406,2111,1599,512
,9394,2153,1599,554
,9536,2143,1599,544
,9168,2124,1599,525
,9619,2150,1599,551
Avg of 400
,11611,2291,1599,692
,11621,2275,1599,676
,11816,2254,1599,655
,11351,2265,1599,666
,11581,2252,1599,653
,11794,2305,1599,706
,11690,2257,1599,658
,11511,2243,1599,644
,11572,2286,1599,687
,11421,2242,1599,643
Avg of 500
,13969,2410,1599,811
,14005,2431,1599,832
,13837,2389,1599,790
,13944,2390,1599,791
,14054,2416,1599,817
,13729,2416,1599,817
,13753,2423,1599,824
,13886,2378,1599,779
,13899,2373,1599,774
,14033,2418,1599,819
Avg of 600
,16644,2553,1599,954
,16239,2517,1599,918
,16459,2554,1599,955
,16529,2552,1599,953
,16238,2549,1599,950
,16577,2562,1599,963
,16538,2559,1599,960
,16099,2531,1599,932
,16042,2537,1599,938
,16388,2534,1599,935
Avg of 700
,18420,2698,1599,1099
,18462,2682,1599,1083
,18415,2684,1599,1085
,18642,2639,1599,1040
,18480,2665,1599,1066
,18855,2662,1599,1063
,18386,2686,1599,1087
,18536,2656,1599,1057
,18423,2658,1599,1059
,18892,2667,1599,1068
Avg of 800
,21066,2786,1599,1187
,20525,2781,1599,1182
,20951,2795,1599,1196
,20936,2834,1599,1235
,21079,2818,1599,1219
,20837,2829,1599,1230
,20796,2796,1599,1197
,20918,2823,1599,1224
,20873,2782,1599,1183
,20968,2786,1599,1187
Avg of 900
,23384,2903,1599,1304
,22781,2910,1599,1311
,23466,2947,1599,1348
,23303,2887,1599,1288
,23261,2906,1599,1307
,23068,2898,1599,1299
,23092,2942,1599,1343
,22978,2956,1599,1357
,23402,2943,1599,1344
,23042,2970,1599,1371
Avg of 1000
Random Walk,SV
,2551,1730,1599,131
,2445,1730,1599,131
,2443,1717,1599,118
,2573,1740,1599,141
,2367,1717,1599,118
,2458,1716,1599,117
,2403,1726,1599,127
,2418,1717,1599,118
,2464,1723,1599,124
,2402,1719,1599,120
Avg of 100
,4863,1843,1599,244
,4896,1840,1599,241
,4870,1858,1599,259
,4873,1844,1599,245
,4841,1844,1599,245
,4943,1863,1599,264
,4894,1860,1599,261
,4922,1854,1599,255
,4812,1859,1599,260
,5077,1851,1599,252
Avg of 200
,7365,1996,1599,397
,7366,1993,1599,394
,7492,1971,1599,372
,7303,1991,1599,392
,7208,1970,1599,371
,7333,1950,1599,351
,7186,1973,1599,374
,7402,1975,1599,376
,7571,1973,1599,374
,7522,1992,1599,393
Avg of 300
,9858,2110,1599,511
,9688,2086,1599,487
,9740,2106,1599,507
,9703,2088,1599,489
,9637,2118,1599,519
,9819,2095,1599,496
,9828,2086,1599,487
,9636,2108,1599,509
,9997,2139,1599,540
,9730,2097,1599,498
Avg of 400
,12056,2241,1599,642
,12424,2272,1599,673
,12099,2212,1599,613
,12386,2263,1599,664
,12264,2238,1599,639
,11945,2210,1599,611
,12292,2227,1599,628
,12335,2240,1599,641
,12195,2227,1599,628
,12180,2224,1599,625
Avg of 500
,14520,2326,1599,727
,14344,2355,1599,756
,14795,2364,1599,765
,14697,2379,1599,780
,14625,2375,1599,776
,14323,2329,1599,730
,14563,2349,1599,750
,14659,2395,1599,796
,14655,2328,1599,729
,14658,2334,1599,735
Avg of 600
,17305,2509,1599,910
,17058,2484,1599,885
,16950,2471,1599,872
,16857,2472,1599,873
,17249,2508,1599,909
,16780,2443,1599,844
,17062,2459,1599,860
,17084,2448,1599,849
,16820,2479,1599,880
,16825,2479,1599,880
Avg of 700
,19234,2598,1599,999
,19438,2595,1599,996
,19635,2615,1599,1016
,19090,2563,1599,964
,19349,2612,1599,1013
,19326,2612,1599,1013
,19115,2584,1599,985
,19208,2602,1599,1003
,20033,2615,1599,1016
,19428,2591,1599,992
Avg of 800
,21774,2696,1599,1097
,21750,2683,1599,1084
,21751,2727,1599,1128
,21710,2729,1599,1130
,21725,2680,1599,1081
,21715,2686,1599,1087
,21603,2706,1599,1107
,21822,2713,1599,1114
,22051,2736,1599,1137
,21756,2726,1599,1127
Avg of 900
,24585,2875,1599,1276
,24153,2845,1599,1246
,24259,2896,1599,1297
,23974,2841,1599,1242
,24238,2869,1599,1270
,24399,2863,1599,1264
,24018,2846,1599,1247
,24069,2869,1599,1270
,24438,2855,1599,1256
,24141,2872,1599,1273
Avg of 1000
Random Walk,SV2
,2548,1742,1599,143
,2617,1752,1599,153
,2412,1744,1599,145
,2459,1742,1599,143
,2560,1751,1599,152
,2496,1743,1599,144
,2593,1754,1599,155
,2477,1746,1599,147
,2431,1731,1599,132
,2546,1749,1599,150
Avg of 100
,4853,1870,1599,271
,4903,1875,1599,276
,4981,1854,1599,255
,4805,1893,1599,294
,5008,1874,1599,275
,4956,1878,1599,279
,4880,1879,1599,280
,4782,1877,1599,278
,4907,1869,1599,270
,5086,1906,1599,307
Avg of 200
,7295,1993,1599,394
,7510,2041,1599,442
,7217,1990,1599,391
,7430,2030,1599,431
,7271,2014,1599,415
,7252,1998,1599,399
,7468,2004,1599,405
,7348,2021,1599,422
,7232,2006,1599,407
,7473,2003,1599,404
Avg of 300
,9816,2161,1599,562
,9533,2146,1599,547
,9746,2169,1599,570
,9764,2158,1599,559
,9885,2190,1599,591
,9812,2160,1599,561
,9822,2177,1599,578
,9814,2199,1599,600
,9502,2154,1599,555
,9802,2171,1599,572
Avg of 400
,12253,2275,1599,676
,12044,2254,1599,655
,12162,2292,1599,693
,12307,2297,1599,698
,12235,2291,1599,692
,12438,2257,1599,658
,12268,2286,1599,687
,12415,2298,1599,699
,12379,2317,1599,718
,12196,2303,1599,704
Avg of 500
,14742,2433,1599,834
,14879,2477,1599,878
,14581,2449,1599,850
,14872,2457,1599,858
,14795,2438,1599,839
,14402,2424,1599,825
,14839,2489,1599,890
,14625,2423,1599,824
,14651,2442,1599,843
,14729,2433,1599,834
Avg of 600
,17456,2609,1599,1010
,17142,2584,1599,985
,17391,2617,1599,1018
,16947,2580,1599,981
,16868,2584,1599,985
,16940,2605,1599,1006
,17149,2551,1599,952
,17024,2574,1599,975
,17160,2598,1599,999
,17152,2563,1599,964
Avg of 700
,19666,2707,1599,1108
,19817,2749,1599,1150
,19434,2690,1599,1091
,19272,2714,1599,1115
,19294,2728,1599,1129
,19096,2688,1599,1089
,19731,2737,1599,1138
,19314,2669,1599,1070
,19820,2756,1599,1157
,19491,2688,1599,1089
Avg of 800
,22069,2852,1599,1253
,22159,2857,1599,1258
,22410,2895,1599,1296
,22157,2874,1599,1275
,21696,2837,1599,1238
,22305,2880,1599,1281
,22123,2842,1599,1243
,21837,2840,1599,1241
,21566,2831,1599,1232
,21879,2853,1599,1254
Avg of 900
,24699,2988,1599,1389
,24385,3017,1599,1418
,24296,2970,1599,1371
,24484,3016,1599,1417
,24566,2992,1599,1393
,24506,2955,1599,1356
,24573,3039,1599,1440
,24501,2984,1599,1385
,24420,2982,1599,1383
,24600,2980,1599,1381
Avg of 1000
Random Walk,SVM
,2355,1684,1599,85
,2274,1655,1599,56
,2241,1649,1599,50
,2298,1664,1599,65
,2232,1665,1599,66
,2281,1659,1599,60
,2240,1655,1599,56
,2302,1666,1599,67
,2270,1659,1599,60
,2276,1654,1599,55
Avg of 100
,4483,1682,1599,83
,4414,1708,1599,109
,4415,1697,1599,98
,4487,1699,1599,100
,4353,1675,1599,76
,4583,1738,1599,139
,4487,1715,1599,116
,4347,1713,1599,114
,4447,1709,1599,110
,4536,1701,1599,102
Avg of 200
,6829,1768,1599,169
,6571,1747,1599,148
,6842,1767,1599,168
,6861,1779,1599,180
,6672,1772,1599,173
,6716,1789,1599,190
,6777,1790,1599,191
,6780,1763,1599,164
,6545,1744,1599,145
,6687,1752,1599,153
Avg of 300
,9192,1831,1599,232
,9173,1845,1599,246
,8949,1802,1599,203
,8891,1801,1599,202
,9050,1838,1599,239
,9023,1828,1599,229
,9077,1816,1599,217
,9000,1801,1599,202
,8997,1822,1599,223
,9080,1860,1599,261
Avg of 400
,10997,1839,1599,240
,11177,1895,1599,296
,11066,1835,1599,236
,10998,1841,1599,242
,11168,1861,1599,262
,11190,1854,1599,255
,11356,1900,1599,301
,11070,1864,1599,265
,11235,1855,1599,256
,11316,1898,1599,299
Avg of 500
,13440,1890,1599,291
,13624,1947,1599,348
,13062,1906,1599,307
,13341,1894,1599,295
,13203,1933,1599,334
,13312,1933,1599,334
,13653,1948,1599,349
,13417,1934,1599,335
,13368,1928,1599,329
,13435,1935,1599,336
Avg of 600
,15540,1973,1599,374
,15828,1990,1599,391
,15765,1978,1599,379
,15700,1968,1599,369
,15550,1944,1599,345
,15545,1983,1599,384
,15590,2010,1599,411
,15679,1965,1599,366
,15752,1988,1599,389
,15706,1993,1599,394
Avg of 700
,17658,2020,1599,421
,17730,2012,1599,413
,17935,2066,1599,467
,18135,2072,1599,473
,17674,2030,1599,431
,17843,2054,1599,455
,18111,2035,1599,436
,17663,2053,1599,454
,18227,2042,1599,443
,17632,2034,1599,435
Avg of 800
,20322,2121,1599,522
,20021,2095,1599,496
,20034,2081,1599,482
,20318,2118,1599,519
,19845,2048,1599,449
,19911,2064,1599,465
,20157,2083,1599,484
,19790,2056,1599,457
,19858,2099,1599,500
,20135,2093,1599,494
Avg of 900
,22108,2149,1599,550
,22002,2109,1599,510
,22412,2135,1599,536
,21977,2159,1599,560
,22386,2172,1599,573
,22602,2132,1599,533
,22381,2203,1599,604
,22391,2173,1599,574
,22888,2191,1599,592
,22542,2167,1599,568
Avg of 1000
Random Walk,SVM2
,2330,1665,1599,66
,2283,1645,1599,46
,2262,1662,1599,63
,2285,1651,1599,52
,2266,1667,1599,68
,2264,1657,1599,58
,2253,1657,1599,58
,2358,1671,1599,72
,2353,1661,1599,62
,2280,1665,1599,66
Avg of 100
,4579,1711,1599,112
,4489,1722,1599,123
,4538,1721,1599,122
,4350,1695,1599,96
,4623,1713,1599,114
,4438,1715,1599,116
,4391,1711,1599,112
,4480,1692,1599,93
,4637,1717,1599,118
,4435,1722,1599,123
Avg of 200
,6794,1774,1599,175
,6658,1767,1599,168
,6751,1740,1599,141
,6806,1761,1599,162
,6917,1791,1599,192
,6585,1763,1599,164
,6750,1786,1599,187
,6768,1768,1599,169
,6711,1768,1599,169
,6828,1755,1599,156
Avg of 300
,8998,1819,1599,220
,8853,1825,1599,226
,9106,1820,1599,221
,8996,1836,1599,237
,8972,1848,1599,249
,8805,1811,1599,212
,8918,1847,1599,248
,9126,1841,1599,242
,8969,1813,1599,214
,8968,1855,1599,256
Avg of 400
,11377,1895,1599,296
,11195,1848,1599,249
,11068,1901,1599,302
,11403,1878,1599,279
,11384,1911,1599,312
,11158,1882,1599,283
,11246,1874,1599,275
,11398,1914,1599,315
,11123,1890,1599,291
,11266,1872,1599,273
Avg of 500
,13337,1935,1599,336
,13433,1920,1599,321
,13361,1937,1599,338
,13425,1930,1599,331
,13692,1945,1599,346
,13403,1928,1599,329
,13233,1956,1599,357
,13368,1960,1599,361
,13526,1968,1599,369
,13325,1930,1599,331
Avg of 600
,15894,2014,1599,415
,15675,1993,1599,394
,15677,1974,1599,375
,15698,2004,1599,405
,15543,2031,1599,432
,15750,2000,1599,401
,15550,1952,1599,353
,15720,2019,1599,420
,15453,2000,1599,401
,15785,1980,1599,381
Avg of 700
,18029,2086,1599,487
,17921,2023,1599,424
,18019,2054,1599,455
,17825,2071,1599,472
,18023,2060,1599,461
,17786,2050,1599,451
,18029,2076,1599,477
,18033,2053,1599,454
,17650,2063,1599,464
,18014,2090,1599,491
Avg of 800
,20141,2124,1599,525
,19937,2084,1599,485
,19788,2101,1599,502
,19804,2123,1599,524
,20029,2094,1599,495
,20164,2085,1599,486
,19862,2093,1599,494
,20238,2118,1599,519
,20011,2121,1599,522
,19906,2117,1599,518
Avg of 900
,22085,2194,1599,595
,22412,2153,1599,554
,22224,2184,1599,585
,22411,2142,1599,543
,22332,2178,1599,579
,22492,2198,1599,599
,22529,2179,1599,580
,22440,2192,1599,593
,22371,2185,1599,586
,22300,2166,1599,567
Avg of 1000
