Box 1; 200
,556,238,200,38,0.1274183162907893,0.0987351306439539,0
,580,240,200,40,0.1396021199331083,0.09888767450425325,0
,790,262,200,62,0.12101105522022741,0.10558305185760777,0
,730,256,200,56,0.13002584601991396,0.10277755880496448,0
,755,258,200,58,0.11406022548825576,0.09694783814853948,0
,687,252,200,52,0.12821156123172334,0.10362934854778894,0
,501,232,200,32,0.13672900452192918,0.09532498694604162,0
,496,232,200,32,0.13047253987298793,0.08546170208924284,0
,929,276,200,76,0.1075803167882903,0.10388950449880716,0
,557,238,200,38,0.14023107119345737,0.09118080514769171,0
Average
,956,276,200,76,0.11564033142085295,0.10688347751783056,0
,1455,326,200,126,0.09150103440513559,0.1029720414750817,0
,695,250,200,50,0.12977699867465517,0.09929604863745384,0
,1377,318,200,118,0.09833175780259584,0.10998270123475541,0
,978,278,200,78,0.11491259724463752,0.10220113645399517,0
,1253,306,200,106,0.10309096006240016,0.1079496578684966,0
,897,270,200,70,0.12077329975548623,0.10547224173041415,0
,1057,286,200,86,0.10761634738226894,0.10626221989951892,0
,1290,310,200,110,0.10123578972072969,0.10365557348454249,0
,1297,310,200,110,0.10186918323025823,0.10106491342634448,0
Average
,2199,400,200,200,0.07363471774005348,0.09535166299269018,0
,1659,346,200,146,0.09531636175086519,0.10371068532237195,0
,2100,390,200,190,0.08013781292819692,0.09881257578600126,0
,1559,336,200,136,0.08733745992530524,0.09235046675169424,0
,1560,336,200,136,0.09073086968720603,0.10408825908155886,0
,1480,328,200,128,0.10027292342155053,0.10609399687598454,0
,1480,328,200,128,0.09304529740503725,0.10078911287658941,0
,900,270,200,70,0.11297074991187707,0.0959686231018559,0
,1500,330,200,130,0.09554902448167756,0.10104078994793007,0
,1680,348,200,148,0.08903525736830176,0.09966247682613429,0
Average
,2499,430,200,230,0.0697390402751068,0.09799305899350982,0
,2280,408,200,208,0.07464024879117026,0.1007660841565845,0
,2360,416,200,216,0.07287490592465831,0.09505885881136837,0
,3500,530,200,330,0.05580320309662284,0.08987141558582916,0
,2680,448,200,248,0.06772411823871731,0.0912162163658895,0
,2720,452,200,252,0.0684474354095308,0.09435324618810663,0
,2500,430,200,230,0.07583925742972702,0.09982244599439281,0
,2199,400,200,200,0.07912513143646875,0.09924739286403313,0
,1580,338,200,138,0.09076959147154867,0.10014599931773237,0
,1280,308,200,108,0.09994962686929858,0.09980392860509597,0
Average
,2380,418,200,218,0.08148489277836783,0.10343984778561414,0
,3060,486,200,286,0.06279472534031927,0.09609037658418895,0
,3460,526,200,326,0.05922148185429432,0.09664399620063675,0
,2460,426,200,226,0.07596620079216067,0.09874077444881602,0
,4100,590,200,390,0.050732629097813134,0.0898108156139809,0
,2820,462,200,262,0.0651067513278932,0.09339562661135595,0
,2560,436,200,236,0.06768079817967651,0.09307392537993134,0
,1920,372,200,172,0.08255347374207143,0.10005340927742394,0
,2640,444,200,244,0.07115845104211461,0.09803845910644778,0
,2660,446,200,246,0.07144540850517658,0.09951036488755334,0
Average
,3000,480,200,280,0.06688658553492143,0.10035339844535274,0
,5180,698,200,498,0.042381150028505524,0.08429253702718978,0
,3720,552,200,352,0.054960811019936544,0.09105899600170367,0
,3520,532,200,332,0.06209515304383785,0.09550676359916835,0
,2920,472,200,272,0.06309533397164434,0.09367214451926788,0
,4520,632,200,432,0.046403103792655054,0.08462062625510283,0
,2540,434,200,234,0.0682206666224782,0.09444856473993,0
,3560,536,200,336,0.059481971976063155,0.09518429545049722,0
,3520,532,200,332,0.05818091052032601,0.09272899974509603,0
,3380,518,200,318,0.05950313309900263,0.09166220000723004,0
Box 2; 200
,2187,402,200,202,0.07425864808435514,0.09705876774974508,0
,1972,380,200,180,0.0834344544341768,0.098144771648328,0
,2010,384,200,184,0.07657564652914665,0.09211673468391743,0
,2108,394,200,194,0.07702386543383724,0.10003539282731165,0
,2034,386,200,186,0.07760046565944596,0.09384097937343054,0
,2189,402,200,202,0.06963897035443126,0.08836841000264427,0
,2218,404,200,204,0.06794990333843162,0.0935099936286941,0
,2355,418,200,218,0.07285953028655415,0.09641253141567864,0
,2093,392,200,192,0.07952282932567911,0.09809788002775285,0
,1994,382,200,182,0.07539166182194501,0.0985452528452396,0
Average
,4356,616,200,416,0.0508305151911093,0.08949236446506753,0
,4552,636,200,436,0.04507602552606508,0.08144441305378672,0
,4737,654,200,454,0.04395764818817218,0.0803911674546371,0
,4335,614,200,414,0.05004244497814306,0.0885137868656606,0
,3996,580,200,380,0.0538015447977221,0.09029559340709983,0
,4654,646,200,446,0.04507226928063775,0.08391166860715406,0
,4378,618,200,418,0.04701011924108734,0.08547209398463065,0
,4456,626,200,426,0.050361164427749815,0.08634426152869379,0
,4513,632,200,432,0.043054836153281414,0.07649745027143313,0
,4320,612,200,412,0.04460329304135309,0.08094237957016955,0
Average
,6420,822,200,622,0.03596171242956029,0.07600513635576504,0
,5859,766,200,566,0.03546030738223394,0.07277053305643393,0
,5360,716,200,516,0.04393693897297974,0.08590850397670508,0
,6040,784,200,584,0.03352349813246342,0.0719588362756912,0
,6399,820,200,620,0.034771092320711315,0.07682490046175877,0
,6659,846,200,646,0.033418495441184824,0.07391697453678521,0
,6280,808,200,608,0.03477411191838633,0.07402434083255803,0
,5940,774,200,574,0.03544438821908407,0.07565627396383522,0
,6780,858,200,658,0.034530991306695874,0.07893840980162783,0
,5560,736,200,536,0.040513278420792005,0.08015449379050085,0
Average
,7439,924,200,724,0.02983154602385955,0.0698946301884068,0
,8800,1060,200,860,0.026213625558131285,0.0631437911060782,0
,8700,1050,200,850,0.026815033537792216,0.06811096559401275,0
,7800,960,200,760,0.03158113522214914,0.0723569091197653,0
,7940,974,200,774,0.02744831943371984,0.06422358314751525,0
,8240,1004,200,804,0.02840316467077472,0.06662166295259611,0
,9180,1098,200,898,0.027290382464936893,0.06899478713003043,0
,8240,1004,200,804,0.026520642727295103,0.06463620190763295,0
,7420,922,200,722,0.03225569267358054,0.07188882131746632,0
,8600,1040,200,840,0.028462005922808887,0.07117615250678047,0
Average
,9720,1152,200,952,0.02500204377638955,0.06663599568521286,0
,10820,1262,200,1062,0.02269143719425344,0.06226049332061706,0
,9260,1106,200,906,0.02496810033821241,0.06500041265700877,0
,10140,1194,200,994,0.024800592316333272,0.06680314225871507,0
,10260,1206,200,1006,0.023986734221889402,0.06347735648759334,0
,9620,1142,200,942,0.025510003410481878,0.06745110167527955,0
,10260,1206,200,1006,0.023332188635344846,0.061567274477671796,0
,11280,1308,200,1108,0.0218539659817547,0.06145449740835541,0
,10640,1244,200,1044,0.02270381567445814,0.06223023543146174,0
,10980,1278,200,1078,0.0226665969763866,0.061743563575443,0
Average
,10760,1256,200,1056,0.02139482746735836,0.05990689772700149,0
,12880,1468,200,1268,0.02022215483815886,0.06120486099802864,0
,12500,1430,200,1230,0.0202598823128488,0.060336184359706516,0
,12780,1458,200,1258,0.019098555368297566,0.05715719265075895,0
,13980,1578,200,1378,0.017532244310748554,0.05715404747388978,0
,13440,1524,200,1324,0.018380129402239823,0.05668565580888772,0
,12480,1428,200,1228,0.02015039629576354,0.06107540620498759,0
,12440,1424,200,1224,0.022020923646494554,0.06394298047593573,0
,11920,1372,200,1172,0.018022779306291228,0.05263175981370972,0
,12520,1432,200,1232,0.020667852466646347,0.061048542043806046,0
Circle 1; 200
,674,250,200,50,0.12520463981574342,0.09684662674254502,0
,968,280,200,80,0.10777152991741742,0.0975672555422282,0
,1097,292,200,92,0.11140943162303897,0.1065371344338045,0
,958,278,200,78,0.11114718381519686,0.09936770250156968,0
,835,266,200,66,0.1178964502191435,0.09947347748695663,0
,1048,288,200,88,0.1059555371104115,0.09906094405079245,0
,971,280,200,80,0.10913957993706272,0.0997378756403319,0
,1313,314,200,114,0.10426691362672041,0.10487996617696276,0
,894,272,200,72,0.11505662294307127,0.10503650968343857,0
,934,276,200,76,0.10935116203553094,0.0963494947327818,0
Average
,1817,362,200,162,0.08772973638582399,0.10015709054644342,0
,1739,354,200,154,0.09433031055672476,0.10802606008795805,0
,1514,332,200,132,0.09349601264524263,0.10186208595709301,0
,1977,378,200,178,0.07731275827545234,0.0966672485779619,0
,2176,398,200,198,0.07830372977536955,0.09807754623428681,0
,1775,358,200,158,0.08794317434049347,0.09832613727416133,0
,1534,334,200,134,0.09814446171133095,0.10655964578426608,0
,2117,392,200,192,0.08114375642627535,0.10112354192064038,0
,1578,338,200,138,0.0915926736963439,0.09956357052230319,0
,2236,404,200,204,0.07803209160256973,0.1007914452621269,0
Average
,1580,338,200,138,0.0899841364113394,0.10228610974658528,0
,3600,540,200,340,0.05890148228482677,0.09661596664463269,0
,2759,456,200,256,0.07117133989398111,0.10200378165362847,0
,3420,522,200,322,0.05601055995218679,0.08702519399407405,0
,3080,488,200,288,0.06409538680999535,0.09599311240981556,0
,2720,452,200,252,0.07048933652019687,0.10105366671198664,0
,3379,518,200,318,0.05941623827636859,0.09361746364558408,0
,2658,446,200,246,0.07269189480094791,0.10081001975115834,0
,3620,542,200,342,0.059910722454589685,0.09436799293842975,0
,1680,348,200,148,0.09549997733582849,0.1065283781762742,0
Average
,3660,546,200,346,0.05810840362833767,0.09428253985100286,0
,3180,498,200,298,0.05867103161016287,0.08685194597120753,0
,3160,496,200,296,0.06357630517636922,0.09510280550186571,0
,3479,528,200,328,0.05572585374802339,0.08975863019272329,0
,3380,518,200,318,0.056783558193887765,0.08892509559113447,0
,3820,562,200,362,0.0525557223861681,0.09030401886594651,0
,3680,548,200,348,0.0561386930336612,0.08986159346302797,0
,3899,570,200,370,0.05697311604407251,0.09514796173610163,0
,4519,632,200,432,0.050941191836720835,0.09306133164715155,0
,3540,534,200,334,0.05912244238598007,0.09459388839509454,0
Average
,4600,640,200,440,0.050543283569696194,0.09092769550551362,0
,5260,706,200,506,0.04387321666609227,0.0855834411187817,0
,4740,654,200,454,0.04548799568334879,0.0823201096069028,0
,3039,484,200,284,0.06400208714574906,0.09251583212702544,0
,5380,718,200,518,0.04312091429790757,0.08447084817676027,0
,4860,666,200,466,0.04503174416883361,0.08450100601120966,0
,5640,744,200,544,0.04098140188927368,0.08297379336881094,0
,5200,700,200,500,0.04364909442712762,0.08186636320813687,0
,4100,590,200,390,0.054416042161308624,0.09091585226694052,0
,5040,684,200,484,0.04395053525525792,0.08373811050027229,0
Average
,4160,596,200,396,0.049269331276619074,0.08397784865989413,0
,5780,758,200,558,0.03853077617041325,0.078936077247397,0
,5260,706,200,506,0.04261634185537506,0.0806473600617189,0
,6980,878,200,678,0.03605897729709244,0.0796248311463006,0
,5500,730,200,530,0.04386664061063063,0.08509679607185013,0
,4320,612,200,412,0.05065128361711822,0.08744164890676819,0
,6540,834,200,634,0.0369805626388492,0.07617592645033715,0
,6200,800,200,600,0.038085743377869505,0.07989634878688727,0
,5320,712,200,512,0.04574360643533282,0.08976585472937086,0
,4620,642,200,442,0.051470203322074165,0.09069576313851191,0
Circle 2; 200
,2266,410,200,210,0.07146970162663256,0.09123563360211014,0
,2297,412,200,212,0.07184124533358167,0.09538056450845295,0
,2213,404,200,204,0.0732885220636472,0.09491637248510701,0
,2179,400,200,200,0.07608977615747771,0.09609803702715901,0
,1927,376,200,176,0.08315948905987454,0.09802531849289868,0
,2435,426,200,226,0.07185776949746885,0.0932306462714829,0
,2433,426,200,226,0.07231660852554248,0.09419589936983197,0
,2234,406,200,206,0.07705393342312696,0.10241415284137563,0
,1857,368,200,168,0.07612719111498496,0.08938610360361007,0
,2256,408,200,208,0.07785067675350607,0.10193178308668226,0
Average
,3953,576,200,376,0.04890288393959162,0.08324246489040307,0
,4215,602,200,402,0.04925812437172163,0.08516957177939836,0
,3757,556,200,356,0.05170414305315634,0.08468567066899947,0
,3457,526,200,326,0.05857344979336857,0.09419827214254771,0
,4174,598,200,398,0.05062218349155055,0.08982506772403707,0
,4654,646,200,446,0.04808471111791158,0.08889895645660814,0
,4054,586,200,386,0.05173519874620096,0.08881472553763388,0
,3656,546,200,346,0.05675365285668405,0.09180499256710262,0
,3956,576,200,376,0.052979966684998984,0.08951262995362382,0
,3456,526,200,326,0.0583577013657049,0.0934436845306001,0
Average
,6119,792,200,592,0.03576687417349913,0.07553257138964617,0
,5600,740,200,540,0.040255728975334776,0.08059100035156239,0
,4980,678,200,478,0.04537605736728118,0.08455000597811957,0
,5898,770,200,570,0.03822021977957068,0.07743542940632463,0
,6360,816,200,616,0.03765279772922099,0.0803479403903941,0
,6440,824,200,624,0.034704605466962156,0.07413396083646527,0
,5379,718,200,518,0.04071228389837748,0.07825106996478624,0
,6740,854,200,654,0.03712003748627022,0.07780369145632858,0
,5980,778,200,578,0.037931357216545496,0.0780844906231053,0
,6400,820,200,620,0.03454099836622789,0.07603001207071197,0
Average
,7760,956,200,756,0.029613007650887598,0.06989226127566828,0
,8760,1056,200,856,0.027132363653427492,0.06710049341817817,0
,7420,922,200,722,0.03220946123249653,0.07375888189299072,0
,8140,994,200,794,0.03202616982136334,0.07597570768993736,0
,8600,1040,200,840,0.02870192444936238,0.0699172473638313,0
,8120,992,200,792,0.030954383293085325,0.07373851542902948,0
,7000,880,200,680,0.03307790288454324,0.0728035354865181,0
,7580,938,200,738,0.028859929580670667,0.0672823127732307,0
,7980,978,200,778,0.031487067328278696,0.07379141439535242,0
,7740,954,200,754,0.031129554377655477,0.0733528944039328,0
Average
,9140,1094,200,894,0.027845890545529134,0.07298013796015061,0
,8740,1054,200,854,0.028487480607412644,0.06939543742594427,0
,8960,1076,200,876,0.02761696007345616,0.06814844191178801,0
,10080,1188,200,988,0.024899331935807387,0.06648000413862756,0
,8740,1054,200,854,0.027635944424522416,0.06757062647064055,0
,10300,1210,200,1010,0.023185899999554463,0.06221526115570488,0
,9520,1132,200,932,0.02532397551493277,0.06406931763385927,0
,9780,1158,200,958,0.025909703329363556,0.06841528504730955,0
,9900,1170,200,970,0.02617479351226285,0.06686729251483543,0
,10260,1206,200,1006,0.02363319433343036,0.06294156021060829,0
Average
,11820,1362,200,1162,0.02286455792062993,0.06665165442044999,0
,11340,1314,200,1114,0.01994920268726402,0.05779013865600737,0
,12000,1380,200,1180,0.0215584430025087,0.06022692180113827,0
,12260,1406,200,1206,0.02106386930923063,0.06179667709280938,0
,12880,1468,200,1268,0.018461605790691775,0.055822548082516334,0
,10980,1278,200,1078,0.023585062132577942,0.06505878188717124,0
,11920,1372,200,1172,0.019876232577190057,0.054918448606471264,0
,12360,1416,200,1216,0.02138289073760228,0.06417217541919515,0
,12060,1386,200,1186,0.02080837038781487,0.06019285635418761,0
,12160,1396,200,1196,0.02107941263920811,0.062228218522134185,0
Line 1; 200
,2053,388,200,188,0.07767047830206093,0.09893960410349413,0
,2018,384,200,184,0.0780910360222779,0.09780619813355719,0
,2136,396,200,196,0.07282301895276554,0.0965541610796153,0
,2213,404,200,204,0.07090704845689078,0.09728594148070956,0
,1947,378,200,178,0.07455244585039722,0.08979939637695875,0
,1894,372,200,172,0.08599056036746938,0.10356611458715427,0
,2177,400,200,200,0.07518102879060579,0.10318906465550323,0
,2241,406,200,206,0.06900234240452217,0.0939017438974099,0
,2139,396,200,196,0.07275757421036351,0.09173197324282704,0
,2136,396,200,196,0.0726456839657211,0.09646301429467094,0
Average
,4477,628,200,428,0.04868383483042348,0.08348514565368785,0
,4296,610,200,410,0.04769226542590758,0.08416267559583203,0
,4077,588,200,388,0.050986809469553085,0.08526189471875673,0
,3691,550,200,350,0.05550682252669352,0.09186222390921424,0
,4175,598,200,398,0.04890328588389493,0.08919541608578424,0
,4077,588,200,388,0.05386399197290418,0.09047944335914726,0
,4218,602,200,402,0.048869952622132055,0.08499859653496807,0
,4138,594,200,394,0.0498032539972708,0.08742189710476961,0
,3971,578,200,378,0.05044894795150346,0.08474574465009216,0
,4092,590,200,390,0.05191320057881447,0.08753702925446642,0
Average
,5980,778,200,578,0.03808672181882205,0.07473119244093203,0
,6259,806,200,606,0.03700190258107463,0.0779519150806062,0
,5879,768,200,568,0.038584228354403845,0.07777695321657944,0
,6079,788,200,588,0.03625312783829801,0.07141804731784403,0
,5560,736,200,536,0.042356429227463764,0.08650596618878063,0
,5878,768,200,568,0.040454819972527194,0.08025718858589827,0
,6579,838,200,638,0.03300606083995336,0.06951591204572476,0
,6260,806,200,606,0.03590674962923695,0.0764383572447127,0
,6680,848,200,648,0.03782729483859564,0.07896232676693934,0
,6040,784,200,584,0.04067940067320536,0.08476862318365783,0
Average
,7600,940,200,740,0.03257210792294661,0.0734257493945481,0
,7980,978,200,778,0.030840358676933043,0.07387699120189146,0
,8200,1000,200,800,0.02984635573231408,0.07059607596475986,0
,7740,954,200,754,0.03345916262645416,0.07493754840244023,0
,7440,924,200,724,0.03185693343630328,0.07372759242007015,0
,7780,958,200,758,0.03042071595790302,0.0718779490980658,0
,7900,970,200,770,0.0312629288984648,0.07485185617950306,0
,7980,978,200,778,0.029043572868795785,0.07067218291841948,0
,8020,982,200,782,0.03009763216315209,0.07116406073135331,0
,7640,944,200,744,0.0310520236463857,0.07302998847275588,0
Average
,9380,1118,200,918,0.02749987571850505,0.06860619571493486,0
,9860,1166,200,966,0.02630100095726782,0.06613452538098638,0
,9700,1150,200,950,0.02312318318655358,0.06292925795530001,0
,10360,1216,200,1016,0.025305226782488244,0.06630267133938744,0
,8980,1078,200,878,0.027559677880478754,0.06978357173262963,0
,10060,1186,200,986,0.022675536058904044,0.05990034017338086,0
,10200,1200,200,1000,0.023419429555094917,0.0602194239587122,0
,9600,1140,200,940,0.02687690299725836,0.0672259361398259,0
,9500,1130,200,930,0.025495521193543598,0.06556610681098914,0
,9740,1154,200,954,0.025869838539172154,0.06816829797216296,0
Average
,10860,1266,200,1066,0.02290185051500836,0.06424986692593587,0
,12080,1388,200,1188,0.019890943339421176,0.059630191178483685,0
,10900,1270,200,1070,0.022178551988969925,0.060938138447310906,0
,12300,1410,200,1210,0.021273756435182506,0.06246864812895654,0
,11760,1356,200,1156,0.02334123211607592,0.06515564496238913,0
,12260,1406,200,1206,0.022332504653125848,0.06299317496116441,0
,11800,1360,200,1160,0.02140490591863571,0.06112706565569278,0
,11760,1356,200,1156,0.01965842414043237,0.057934307306017216,0
,12100,1390,200,1190,0.020168283647448878,0.059347587649338174,0
,10720,1252,200,1052,0.02445033244175688,0.06858044783850938,0
Line 2; 200
,2649,448,200,248,0.06648718645429268,0.0963161638746503,0
,2837,466,200,266,0.06134847265083186,0.09113452072150684,0
,2533,436,200,236,0.06689257643904241,0.09462349488882088,0
,2659,448,200,248,0.06417275776186877,0.09270623491487433,0
,2498,432,200,232,0.06528684611342149,0.09210156241940086,0
,2140,398,200,198,0.07426710107814334,0.09480585858408681,0
,2695,452,200,252,0.06504678343017077,0.09322891997057331,0
,2487,432,200,232,0.06074258484951285,0.08560176475252056,0
,2692,452,200,252,0.06466765516289522,0.0880680049153564,0
,2412,424,200,224,0.07277106784846074,0.09610325170249921,0
Average
,5033,684,200,484,0.041564435568109244,0.07928280822984084,0
,5038,684,200,484,0.04135215552183713,0.07892458398416527,0
,4577,638,200,438,0.04732861287667072,0.08567003289306793,0
,4779,658,200,458,0.04463300544888479,0.08239728905580661,0
,5179,698,200,498,0.04206072545803093,0.08245027442846688,0
,5256,706,200,506,0.03730011167388458,0.07403992475145581,0
,4536,634,200,434,0.04488920823952374,0.08383214139358278,0
,5118,692,200,492,0.040210911932903826,0.07500787517914512,0
,4698,650,200,450,0.04504267935906744,0.083023109124667,0
,4857,666,200,466,0.03977248175195838,0.07652695854925116,0
Average
,6680,848,200,648,0.03248527159876274,0.07005839693122529,0
,7420,922,200,722,0.029251737965335436,0.06895663527375873,0
,6979,878,200,678,0.032391302484445626,0.07379566126592967,0
,7159,896,200,696,0.033520463498296314,0.07520292287480464,0
,6900,870,200,670,0.03299426730810364,0.07357495415364271,0
,7480,928,200,728,0.03069500299670242,0.0708563514607786,0
,6999,880,200,680,0.03227798237592429,0.07241660767960452,0
,6960,876,200,676,0.03327961075239891,0.07530553849448361,0
,7220,902,200,702,0.03219756845219393,0.07392109877269736,0
,7499,930,200,730,0.029269710276361847,0.06716495410961339,0
Average
,10040,1184,200,984,0.023044770940531898,0.06525864411808276,0
,9880,1168,200,968,0.0233133714392297,0.06226349967141255,0
,9180,1098,200,898,0.02428890767723125,0.0630654690051653,0
,9360,1116,200,916,0.02459158566663302,0.06629058026857426,0
,9600,1140,200,940,0.023233254052674786,0.061268564340925036,0
,9539,1134,200,934,0.024177132076180566,0.06253812523757543,0
,9640,1144,200,944,0.02495336665792547,0.06500587682669769,0
,8980,1078,200,878,0.02652404134431202,0.06440409618905767,0
,9619,1142,200,942,0.023826889381588064,0.06370921791674786,0
,8760,1056,200,856,0.02560490903522994,0.06468272373749565,0
Average
,11240,1304,200,1104,0.020637989910363055,0.0578741577696896,0
,11760,1356,200,1156,0.020314175978255543,0.0588091531604971,0
,11500,1330,200,1130,0.020473578379321837,0.060825257665404045,0
,12560,1436,200,1236,0.020370567401940005,0.06200935834316109,0
,12020,1382,200,1182,0.019594469066082094,0.05895864847399424,0
,12320,1412,200,1212,0.019818908172699497,0.059639616255865675,0
,12320,1412,200,1212,0.019757563038531812,0.0580423529829406,0
,11820,1362,200,1162,0.02034399660530247,0.05983067647866327,0
,11460,1326,200,1126,0.02034923589005917,0.05858134178798724,0
,11020,1282,200,1082,0.021669716559596885,0.059329440793504204,0
Average
,14660,1646,200,1446,0.01675616244423217,0.05430617189480742,0
,14640,1644,200,1444,0.016948005902325244,0.05545669535655829,0
,13580,1538,200,1338,0.01745447556234533,0.05299545905000119,0
,14000,1580,200,1380,0.017348828913347013,0.05413281215116515,0
,14340,1614,200,1414,0.017309612699631143,0.05556523269192485,0
,14600,1640,200,1440,0.017906236088212145,0.057849500832207135,0
,13960,1576,200,1376,0.018112853439830136,0.05745287092232388,0
,14120,1592,200,1392,0.01676031203319031,0.05367612206735202,0
,14000,1580,200,1380,0.017654947662937345,0.054516150629161916,0
,13720,1552,200,1352,0.017513876236769633,0.055050910192727766,0
Sin 2; 200
,2130,396,200,196,0.0771634528443891,0.09642065620780112,0
,2236,406,200,206,0.0750325313847446,0.09616436046394315,0
,2075,390,200,190,0.0768388872441902,0.09944173418235423,0
,2043,388,200,188,0.0787207428465902,0.0972835455853059,0
,2107,394,200,194,0.07633864799317723,0.09743710622991293,0
,2166,400,200,200,0.07339097004068008,0.10104773578605991,0
,2176,400,200,200,0.07626478105410939,0.09644180920890587,0
,2095,392,200,192,0.0799361288242594,0.09942412630185161,0
,1993,382,200,182,0.0829624664421182,0.10311453302888961,0
,2343,418,200,218,0.07260158791365207,0.0948341109382435,0
Average
,3855,566,200,366,0.059041791445360293,0.09581338700456651,0
,4376,618,200,418,0.04866719571513349,0.08583236847080175,0
,4017,582,200,382,0.05271719571049026,0.0908407562871141,0
,4215,602,200,402,0.04778341129253059,0.08753625368119908,0
,4257,606,200,406,0.05110695292350821,0.09026004499710524,0
,4397,620,200,420,0.050608771370323685,0.08973854390730596,0
,4138,594,200,394,0.05545636509174251,0.09455755236625735,0
,4134,594,200,394,0.05004739161196048,0.08805264525803576,0
,4377,618,200,418,0.0512371459866579,0.08682409906682652,0
,3998,580,200,380,0.050124472965308635,0.08770169391502085,0
Average
,6260,806,200,606,0.037272434994525115,0.07614504954520378,0
,6719,852,200,652,0.035254013388062666,0.0760368451555728,0
,6380,818,200,618,0.03863515489686137,0.08140420384696989,0
,6458,826,200,626,0.03657050795730619,0.0773347110154037,0
,6160,796,200,596,0.03547882076036203,0.07445454083348735,0
,6480,828,200,628,0.032720570898313754,0.06942519749551465,0
,6199,800,200,600,0.03738428758515902,0.07672389461866003,0
,5899,770,200,570,0.03989279210542288,0.0802839426600859,0
,6280,808,200,608,0.036631297579717774,0.07557163455599476,0
,6020,782,200,582,0.03953463172033513,0.08136272024187602,0
Average
,7880,968,200,768,0.03289249843883453,0.0756397663107753,0
,8380,1018,200,818,0.02884770253640799,0.06951745196575045,0
,8160,996,200,796,0.030002624677293237,0.0708230316786569,0
,7920,972,200,772,0.02932314636048805,0.06964570835320086,0
,8200,1000,200,800,0.02970608473624602,0.07038118123496376,0
,8140,994,200,794,0.031045379823333625,0.07408518720391241,0
,8000,980,200,780,0.03022516811875441,0.07172751535649502,0
,8360,1016,200,816,0.02825025926339801,0.06884984102662177,0
,8020,982,200,782,0.030619909167051793,0.07361304198418785,0
,7900,970,200,770,0.03251542853949704,0.07635271337319141,0
Average
,10460,1226,200,1026,0.02495825447846028,0.06835535796249544,0
,9740,1154,200,954,0.025908966197907734,0.06690987435629109,0
,10320,1212,200,1012,0.023948584674626936,0.0647257306019116,0
,10020,1182,200,982,0.02432200693110725,0.0654031802975964,0
,10060,1186,200,986,0.026468515371668274,0.06763387926980917,0
,10580,1238,200,1038,0.022900055079780473,0.06301041179011839,0
,10620,1242,200,1042,0.0263493199923451,0.07150763337723055,0
,9620,1142,200,942,0.025525853886191614,0.06532034685479336,0
,9860,1166,200,966,0.023659356594187202,0.06150998651708,0
,9720,1152,200,952,0.026796679624159183,0.06948901371490675,0
Average
,12360,1416,200,1216,0.020671904069416047,0.05976762128840782,0
,12240,1404,200,1204,0.020785187796631244,0.06075858912841236,0
,12500,1430,200,1230,0.02218777719452464,0.06578919684542293,0
,12160,1396,200,1196,0.020467088407659772,0.059438542545872344,0
,12180,1398,200,1198,0.02109156772646888,0.059285039959460814,0
,12060,1386,200,1186,0.021302160978424217,0.06113622737803293,0
,12740,1454,200,1254,0.019389767897499632,0.058494979530880814,0
,12160,1396,200,1196,0.01945234336667852,0.057399791182143535,0
,12220,1402,200,1202,0.02099833979039401,0.062034998733110164,0
,11620,1342,200,1142,0.021353235851025828,0.06010144123224645,0
Sin 1; 200
,2454,428,200,228,0.0617249404509685,0.08587036618411881,0
,2776,460,200,260,0.060410313033359364,0.08790170955863481,0
,2488,432,200,232,0.06489509735039835,0.08913504928803902,0
,2538,436,200,236,0.06618035121100489,0.09418985720444777,0
,2471,430,200,230,0.07157664128664228,0.1007252033215266,0
,2554,438,200,238,0.06654438630390107,0.09406391380966711,0
,2632,446,200,246,0.06388868139235443,0.09215721697639925,0
,2648,448,200,248,0.0706575500896387,0.0992301154373372,0
,2516,434,200,234,0.07114008216193785,0.09819370532106711,0
,2777,460,200,260,0.06514755716761404,0.09800988568887455,0
Average
,5394,720,200,520,0.04083775219786259,0.0802926884926016,0
,4877,668,200,468,0.04435131149675053,0.08202563623040497,0
,5157,696,200,496,0.03916473335557036,0.07621551498605564,0
,5236,704,200,504,0.039714795898171396,0.07663593226125699,0
,5333,714,200,514,0.038235702483985286,0.07729397623742065,0
,5037,684,200,484,0.04260771349685881,0.08110737158017116,0
,5335,714,200,514,0.03997151008659882,0.079732182899478,0
,4997,680,200,480,0.043774908754263056,0.08394170585493488,0
,5118,692,200,492,0.03819235748439711,0.07482068330190411,0
,4738,654,200,454,0.04543680503088176,0.08238814193503646,0
Average
,7239,904,200,704,0.030181602836479516,0.06734507881906593,0
,7780,958,200,758,0.02843154078608547,0.06700771037206389,0
,7938,974,200,774,0.028555403245011306,0.06871242210244685,0
,8020,982,200,782,0.028813382382597248,0.06820205329287563,0
,7459,926,200,726,0.028400109006978255,0.06564139701709633,0
,7940,974,200,774,0.02868117576098306,0.07236260538127413,0
,7699,950,200,750,0.029223867278512457,0.07031913007710372,0
,7280,908,200,708,0.030218599846843712,0.06921783588040956,0
,7880,968,200,768,0.029767543359751434,0.07070456940975407,0
,8120,992,200,792,0.02727776222432051,0.06499769096648696,0
Average
,10160,1196,200,996,0.025618143784757942,0.0669081046342504,0
,9800,1160,200,960,0.023558565840565808,0.06371356537706123,0
,10300,1210,200,1010,0.023031725124274663,0.06086816165018509,0
,9920,1172,200,972,0.023070046797534115,0.06259673524240716,0
,10180,1198,200,998,0.024814836104977346,0.06562339150909127,0
,9760,1156,200,956,0.024997838569701534,0.06647581570121464,0
,10680,1248,200,1048,0.022653612093292724,0.06226816295849306,0
,10420,1222,200,1022,0.021843615710981222,0.06003080597051666,0
,9740,1154,200,954,0.024331802979825366,0.06270242629603388,0
,10280,1208,200,1008,0.023529993686940285,0.06205250508839086,0
Average
,12060,1386,200,1186,0.021045533056873265,0.05965705741316609,0
,13160,1496,200,1296,0.018773013212808318,0.05612191750039638,0
,13120,1492,200,1292,0.01877190483853336,0.05569195752199929,0
,13020,1482,200,1282,0.018499444900107364,0.05533033303161939,0
,12680,1448,200,1248,0.019351333804202887,0.05884127502707611,0
,12880,1468,200,1268,0.019957217402541742,0.05954737867828485,0
,12280,1408,200,1208,0.01802469857994494,0.053786099701505004,0
,12900,1470,200,1270,0.018435960203243194,0.05657673541042425,0
,12700,1450,200,1250,0.018507765031354702,0.054826918195076464,0
,12400,1420,200,1220,0.020471557744119396,0.05890430345667812,0
Average
,14400,1620,200,1420,0.016360177840602372,0.050752854167896794,0
,15200,1700,200,1500,0.016871656150832668,0.05568458984263614,0
,15360,1716,200,1516,0.016643607389804776,0.05494815988015066,0
,13820,1562,200,1362,0.017416170080022494,0.05368774396576368,0
,15520,1732,200,1532,0.01531900671014546,0.052830267559632466,0
,15000,1680,200,1480,0.01634858376406618,0.05380117300227103,0
,14820,1662,200,1462,0.01705473267363465,0.05570321415791116,0
,15100,1690,200,1490,0.0168906911473891,0.052813825371905536,0
,15020,1682,200,1482,0.016318178938012358,0.05258962504011765,0
,14740,1654,200,1454,0.015660231087475114,0.051343730482104735,0
Triangle 1; 200
,613,244,200,44,0.13971929165377955,0.1015815389711666,0
,432,226,200,26,0.13438350588043785,0.08874903774784718,0
,751,258,200,58,0.11654868911192202,0.09935121439745115,0
,532,236,200,36,0.1279527669473063,0.09606197123666947,0
,317,214,200,14,0.15381095969184813,0.09650977643452348,0
,570,240,200,40,0.12908764943466816,0.0989004478738684,0
,374,220,200,20,0.13863517569832107,0.09788594018905394,0
,589,242,200,42,0.11856690750418869,0.09722449065905073,0
,553,238,200,38,0.1250979629904671,0.09270636985733026,0
,596,242,200,42,0.1328969241120754,0.10028430955807505,0
Average
,1498,330,200,130,0.095179498173627,0.10509393813047471,0
,759,256,200,56,0.12028434425877932,0.0936572336130594,0
,1178,298,200,98,0.10560490888355406,0.10421929175883891,0
,457,226,200,26,0.1500066078242279,0.10158163077260142,0
,918,272,200,72,0.11709886498504402,0.10388664178537421,0
,656,246,200,46,0.12423100612967423,0.10310319074623148,0
,897,270,200,70,0.11632171152160962,0.10380903912318423,0
,1338,314,200,114,0.10077353378864201,0.10186399551150802,0
,1337,314,200,114,0.09669923809105592,0.10088732492081355,0
,1117,292,200,92,0.1115717434604337,0.10459887326663093,0
Average
,859,266,200,66,0.12579842633430097,0.10524199479995666,0
,1439,324,200,124,0.09782605803421515,0.10765579039184625,0
,1779,358,200,158,0.08677152710901606,0.1014612952206399,0
,1080,288,200,88,0.11083799951419025,0.10955898527305034,0
,380,218,200,18,0.13129436930122612,0.08692864586710669,0
,1040,284,200,84,0.11415330545840176,0.10526651336464006,0
,1800,360,200,160,0.08690410437464938,0.10732641315182882,0
,1258,306,200,106,0.10123421246884565,0.1053040539883369,0
,879,268,200,68,0.1237326437032172,0.10834291605500111,0
,1000,280,200,80,0.11279069097136143,0.11018682379156441,0
Average
,1120,292,200,92,0.10954566543244576,0.10207022468253664,0
,1440,324,200,124,0.10045876088904124,0.10657494703792433,0
,1820,362,200,162,0.08375287548649156,0.0950782585086411,0
,1659,346,200,146,0.09548510411565676,0.10966333712479029,0
,1220,302,200,102,0.09578463971339794,0.09727090474247128,0
,1500,330,200,130,0.09799431037384959,0.10596817748783971,0
,760,256,200,56,0.1207038824214101,0.09920391166500031,0
,1200,300,200,100,0.09919003699690698,0.0953099161430161,0
,1960,376,200,176,0.08359445502178088,0.10371063924372045,0
,900,270,200,70,0.12252064565688385,0.10452232092955475,0
Average
,1400,320,200,120,0.09581095978123202,0.10817869850180166,0
,3600,540,200,340,0.05379318905931253,0.08918707334536978,0
,1040,284,200,84,0.11093634478355967,0.10313154409859508,0
,1460,326,200,126,0.10160276311163025,0.10807511174280417,0
,1760,356,200,156,0.0881419708638917,0.10336634524898371,0
,1940,374,200,174,0.0808565434369549,0.09456767245971125,0
,2460,426,200,226,0.0728020540456556,0.10382526998202281,0
,1300,310,200,110,0.10614428252309029,0.10406972066643967,0
,1440,324,200,124,0.10020303121467945,0.10636322267166994,0
,2400,420,200,220,0.07950062564175717,0.10466175389195187,0
Average
,1660,346,200,146,0.09134125856817,0.10075773881933436,0
,3660,546,200,346,0.05615303474355584,0.09134411650043482,0
,1400,320,200,120,0.09530062581084146,0.10192952386322267,0
,1380,318,200,118,0.09053367394845017,0.09930211529462345,0
,1740,354,200,154,0.09086019035137397,0.1051031155332,0
,2200,400,200,200,0.07932160500142736,0.10228778145898848,0
,1160,296,200,96,0.11005066013889253,0.10658157691489963,0
,2320,412,200,212,0.07760142438040964,0.10190948213019675,0
,1860,366,200,166,0.09540620588159471,0.10728771902168215,0
,1840,364,200,164,0.08218205782176027,0.10037341982354235,0
Triangl 2; 200
,1816,364,200,164,0.08248020128599044,0.09705030134680882,0
,2010,384,200,184,0.07387371809078629,0.09544050241199749,0
,2140,396,200,196,0.07799757707885158,0.09632228165781857,0
,2263,410,200,210,0.07129317069195487,0.09072287231415692,0
,2092,392,200,192,0.07003549695527038,0.09038853421990146,0
,1958,378,200,178,0.07668367134193554,0.09142630855694543,0
,1776,360,200,160,0.0892993780915481,0.10310532041002479,0
,2289,412,200,212,0.07140795778174039,0.09413484791157954,0
,1992,382,200,182,0.07691219417165868,0.09737173042791687,0
,2157,398,200,198,0.07364977298112109,0.09620472781929212,0
Average
,3676,548,200,348,0.050077877038324115,0.08254929138039596,0
,3776,558,200,358,0.049570745572249844,0.08042429363730408,0
,3758,556,200,356,0.051728294217388546,0.0901318733883705,0
,3934,574,200,374,0.05047431492869445,0.08580700481157194,0
,3738,554,200,354,0.05437766184621203,0.08715373201455469,0
,3679,548,200,348,0.053313172462331616,0.08980758911190895,0
Box 1; 200
,412,224,200,24,0.14033721895933268,0.09066130212109225,0
,523,234,200,34,0.1370526802819047,0.09590869128339177,0
,816,264,200,64,0.12090180787393393,0.10259299697247348,0
,392,222,200,22,0.14588517811350227,0.08771772885803551,0
,989,282,200,82,0.100751845606307,0.09835242525204871,0
,596,242,200,42,0.12497500775642822,0.09569982159204728,0
,569,240,200,40,0.13363328597497498,0.10409158857640077,0
,671,250,200,50,0.12767133148643342,0.1048091339769365,0
,877,270,200,70,0.11434658152827606,0.10016180645390825,0
,729,256,200,56,0.13471900443114476,0.10227964935233105,0
Average
,1295,310,200,110,0.10210413845278803,0.09854556876574702,0
,1374,318,200,118,0.09881248963434365,0.10210379842076896,0
,1459,326,200,126,0.09345820923373885,0.10068069032617039,0
,1276,308,200,108,0.10227352088865177,0.10460786814357431,0
,1557,336,200,136,0.09711972379810231,0.103419399336454,0
,1718,352,200,152,0.08761691510960133,0.10491181420632832,0
,1179,298,200,98,0.10504801174121506,0.1072341443809972,0
,1734,354,200,154,0.08971600608734079,0.1036737506396685,0
,1617,342,200,142,0.0938503830733904,0.10372260076999563,0
,1317,312,200,112,0.10099581087025594,0.10208403262163362,0
Average
,1359,316,200,116,0.10352923399913884,0.10413836322816453,0
,1800,360,200,160,0.08814747850386864,0.1057644271700557,0
,999,280,200,80,0.10882306690950073,0.10455662132759397,0
,1820,362,200,162,0.08478796386143478,0.09767612790054417,0
,1819,362,200,162,0.08311949070901388,0.09452379049541194,0
,1100,290,200,90,0.11159475552770043,0.10975364977742884,0
,2080,388,200,188,0.07995101651345671,0.09915647521354681,0
,1240,304,200,104,0.10357326138672096,0.10596515354836715,0
,980,278,200,78,0.11103371249565148,0.09733313251866658,0
,1399,320,200,120,0.09476151543902663,0.10116037056852661,0
Average
,2259,406,200,206,0.07638412903072393,0.0970346681236845,0
,2840,464,200,264,0.06867062721368186,0.09816345938178579,0
,2560,436,200,236,0.0710999634408953,0.09706157862054383,0
,2240,404,200,204,0.0785555687669557,0.09929023082993403,0
,2540,434,200,234,0.07040862372463362,0.09437151406368549,0
,2720,452,200,252,0.07495968494462481,0.10154196606326606,0
,2920,472,200,272,0.06649454828289758,0.09607144219978246,0
,1480,328,200,128,0.09737760038817626,0.10447145206957817,0
,3000,480,200,280,0.06046749501190999,0.09147783796912043,0
,2439,424,200,224,0.0704007360569609,0.09691395515894424,0
Average
,2620,442,200,242,0.0714481752341257,0.10400179028961766,0
,4400,620,200,420,0.04920155625077795,0.0897713971948734,0
,2300,410,200,210,0.079493562231888,0.10574988033935442,0
,3120,492,200,292,0.06081527560735401,0.09006077055357013,0
,3060,486,200,286,0.05729524698911503,0.0912404148291433,0
,2520,432,200,232,0.0755071820413944,0.10006016458192964,0
,1780,358,200,158,0.08726589368547795,0.10231913745610219,0
,3180,498,200,298,0.061174171111696006,0.09388097274577782,0
,1680,348,200,148,0.09365296568558847,0.10153018774128766,0
,2200,400,200,200,0.07981493745062856,0.10172375022805023,0
Average
,2480,428,200,228,0.0727645890842516,0.0951891500144108,0
,4540,634,200,434,0.04788680082764148,0.08390589016559029,0
,2200,400,200,200,0.07892006366193352,0.101575881037029,0
,3680,548,200,348,0.056650417050518556,0.09122477871002183,0
,4080,588,200,388,0.05068555758257838,0.08691683476974182,0
,3900,570,200,370,0.052531267999451,0.08716049569315636,0
,3960,576,200,376,0.05129165944884706,0.08999655958627133,0
,3540,534,200,334,0.054596394050826356,0.08913548650959952,0
,3760,556,200,356,0.05161628490053763,0.08567486942325898,0
,3180,498,200,298,0.05627305040110676,0.08837391290365366,0
Box 2; 200
,2112,394,200,194,0.07568300445899298,0.09415106752137871,0
,2149,398,200,198,0.07587301421735697,0.09337267317280565,0
,2087,392,200,192,0.07276117778241713,0.09117071234629338,0
,2233,406,200,206,0.06959948357792857,0.0916795782086156,0
,2458,428,200,228,0.06539197759713998,0.0897028246856854,0
,2030,386,200,186,0.07651523622907962,0.09507646788087988,0
,2128,396,200,196,0.07755263718536344,0.09961707036981277,0
,2188,402,200,202,0.0741086119929963,0.09813053920940093,0
,2102,392,200,192,0.07732725758940037,0.09653921181074579,0
,2033,386,200,186,0.07493160934223612,0.09464324716269068,0
Average
,4416,622,200,422,0.04915042232318771,0.08677791217727945,0
,4358,616,200,416,0.046205459701502735,0.08166206950229343,0
,4053,586,200,386,0.04905419505249723,0.08325136953101325,0
,4654,646,200,446,0.047308918517090535,0.0845140345084707,0
,4538,634,200,434,0.046901526412522924,0.08460097978941931,0
,4877,668,200,468,0.0425372647926696,0.0795719438985315,0
,3497,530,200,330,0.058729046149353537,0.09279633758492736,0
,4178,598,200,398,0.050053074630112084,0.08404815179497879,0
,3993,580,200,380,0.05137137523615548,0.08444561784334807,0
,4838,664,200,464,0.04799712417799509,0.08831763548683826,0
Average
,6739,854,200,654,0.03140528815016862,0.06893135812683096,0
,6140,794,200,594,0.03620873434116401,0.07521226371378793,0
,6500,830,200,630,0.03506471723046844,0.07770575041871414,0
,6798,860,200,660,0.03494080634876506,0.07740583936002744,0
,6039,784,200,584,0.03684203369764428,0.07633509769770891,0
,6100,790,200,590,0.03690350942229881,0.07812187394220993,0
,6079,788,200,588,0.03469941815003093,0.0726576841018602,0
,6500,830,200,630,0.035817846314127905,0.07494058555724534,0
,6720,852,200,652,0.035609604539226104,0.07827410139069033,0
,6900,870,200,670,0.032800145214628776,0.06864726456223477,0
Average
,8040,984,200,784,0.029061435454945894,0.06980842262782572,0
,8440,1024,200,824,0.028532863377541413,0.0685526243857375,0
,8100,990,200,790,0.027941371528170004,0.0671482907418655,0
,8020,982,200,782,0.02857059958104019,0.06868605869217112,0
,8019,982,200,782,0.028349852304684665,0.06967103124505267,0
,8140,994,200,794,0.02834264776883617,0.06839045401639934,0
,8820,1062,200,862,0.027608556546895088,0.06908724523783084,0
,7740,954,200,754,0.030076251033388176,0.06849373006723213,0
,8280,1008,200,808,0.02959297492629551,0.0710301832678267,0
,8340,1014,200,814,0.028631507521545696,0.06854375033844684,0
Average
,11140,1294,200,1094,0.021228345050381906,0.05958259917433948,0
,11420,1322,200,1122,0.021661070744080954,0.06129789082898369,0
,11160,1296,200,1096,0.020758863678106556,0.05874446796803689,0
,10400,1220,200,1020,0.02297481856812247,0.06185379697764566,0
,10060,1186,200,986,0.02279962722480521,0.06246012909548584,0
,10360,1216,200,1016,0.02291325362944397,0.06413197552959245,0
,10800,1260,200,1060,0.02102713496888995,0.05957010452535768,0
,10340,1214,200,1014,0.020903832823712543,0.058042403200671916,0
,9660,1146,200,946,0.025061326671469666,0.06528045582707291,0
,10220,1202,200,1002,0.023839880311074695,0.06327629880966851,0
Average
,12640,1444,200,1244,0.018467018615316255,0.05416523497719236,0
,12480,1428,200,1228,0.020321767155837347,0.059185086297534245,0
,12100,1390,200,1190,0.021090258097041445,0.06284931843819883,0
,12380,1418,200,1218,0.020449463877353132,0.05900442574864172,0
,13020,1482,200,1282,0.019313976686703944,0.05866482867769701,0
,13140,1494,200,1294,0.018769012756838288,0.05760552486312842,0
,13140,1494,200,1294,0.019984816625522595,0.05998533181534806,0
,12420,1422,200,1222,0.020536890648653883,0.06027973956797868,0
,12320,1412,200,1212,0.018802113538757475,0.05440694777748001,0
,12400,1420,200,1220,0.019472383707274356,0.057948409230899924,0
Circle 1; 200
,1296,312,200,112,0.10372238429171211,0.10242153957088712,0
,1078,290,200,90,0.10288176209238578,0.0999070148213937,0
,953,278,200,78,0.10776841021978595,0.1002265265912613,0
,1354,318,200,118,0.1000292483441863,0.10220908171456633,0
,1186,302,200,102,0.10729319139752272,0.1058759539245319,0
,1035,286,200,86,0.10154493782361403,0.0961302455620006,0
,866,270,200,70,0.11017651539917958,0.10084135245128059,0
,807,264,200,64,0.12533181316230782,0.1083523287523445,0
,1139,296,200,96,0.10025766937207978,0.0992113680166037,0
,1156,298,200,98,0.10605009497296557,0.10193073766034257,0
Average
,1716,352,200,152,0.08884524631144398,0.10150223726505167,0
,2137,394,200,194,0.0800030805789266,0.1015691812504828,0
,2099,390,200,190,0.07348242711392061,0.08921984690196501,0
,1518,332,200,132,0.0934743260165757,0.09409437257604322,0
,1618,342,200,142,0.0877332496008003,0.09962622837125203,0
,1198,300,200,100,0.1119411496955752,0.10833884205270025,0
,1734,354,200,154,0.08676061514189569,0.09657835681468169,0
,1497,330,200,130,0.09360722859504125,0.09799554212157285,0
,1736,354,200,154,0.08613028091145984,0.10429820393464287,0
,2097,390,200,190,0.07933296966502078,0.10067813547984303,0
Average
,2980,478,200,278,0.06608262656780414,0.09564600391708196,0
,2860,466,200,266,0.0695189085592151,0.10002075341103268,0
,2800,460,200,260,0.06902025922050414,0.09735434993414119,0
,2700,450,200,250,0.07270027384482951,0.09961197220090806,0
,2520,432,200,232,0.07324992135814291,0.1022439433980001,0
,2918,472,200,272,0.0651172068999841,0.09484280691588493,0
,3520,532,200,332,0.059072071568769216,0.09478360549741412,0
,2980,478,200,278,0.06652469104348042,0.09831306463768315,0
,2220,402,200,202,0.07789966499384088,0.10160381059192326,0
,3020,482,200,282,0.06932355265549955,0.0976301797213025,0
Average
,3900,570,200,370,0.056805898726857575,0.0931173472175458,0
,4480,628,200,428,0.04529351994832752,0.0844870246946282,0
,3880,568,200,368,0.05475889562364545,0.09179071157800327,0
,3580,538,200,338,0.06053861199415759,0.09479157643303174,0
,3540,534,200,334,0.059547246307640814,0.09298018703934904,0
,3620,542,200,342,0.05177478283782281,0.08971461689579997,0
,3580,538,200,338,0.058249649103982414,0.09050973350093414,0
,4100,590,200,390,0.054948006670833285,0.09192886753618522,0
,4400,620,200,420,0.04772046321228612,0.08517010260492086,0
,4760,656,200,456,0.04539545632662709,0.08372351892704942,0
Average
,5860,766,200,566,0.03963832572975954,0.07895371708255311,0
,3580,538,200,338,0.05901066537704071,0.0931806448150699,0
,4580,638,200,438,0.04465024074006255,0.08276255587828181,0
,3060,486,200,286,0.06136149054244191,0.09303486528801394,0
,4500,630,200,430,0.05011706629265507,0.09082779965338447,0
,3860,566,200,366,0.051251611164862876,0.08447251795926526,0
,4520,632,200,432,0.04833279631821401,0.08662555651735628,0
,5160,696,200,496,0.0422552155791365,0.08037091932849848,0
,3260,506,200,306,0.06152978015554598,0.09110259884893644,0
,5760,756,200,556,0.039587371311458563,0.07632354939055594,0
Average
,7640,944,200,744,0.03445183540817942,0.07757906208701847,0
,5920,772,200,572,0.04237113327728187,0.08567487765377577,0
,4420,622,200,422,0.04622384197801034,0.08212563290502004,0
,5300,710,200,510,0.04234452032448942,0.08219762381231778,0
,5740,754,200,554,0.039933860676565215,0.08170766926707287,0
,3300,510,200,310,0.05921806422499948,0.09038096781570702,0
,5100,690,200,490,0.04385905341287038,0.08118381691613108,0
,5160,696,200,496,0.04575343017880029,0.08459485055728184,0
,4500,630,200,430,0.04869192220268714,0.0897994022449034,0
,4980,678,200,478,0.045725691778296496,0.08187577154025422,0
Circle 2; 200
,2007,384,200,184,0.08402995971029543,0.10481734874643069,0
,2089,392,200,192,0.07051054818252689,0.08665246482209556,0
,2018,384,200,184,0.08264822109655008,0.09796435770624502,0
,2173,400,200,200,0.0737261807930264,0.09914619315993826,0
,2248,408,200,208,0.0749884901009234,0.09450649987691181,0
,2313,414,200,214,0.07469682224188051,0.09888720060880947,0
,2012,384,200,184,0.0775697986635215,0.09018059697062365,0
,2029,386,200,186,0.07430783251101795,0.08974095926534824,0
,1974,380,200,180,0.08030453464540056,0.0996570474093854,0
,2192,402,200,202,0.07414465119557719,0.09795957726269254,0
Average
,3896,570,200,370,0.04982676915957795,0.08335516256349647,0
,3957,576,200,376,0.052301408844765446,0.08755599912391855,0
,3458,526,200,326,0.05772956565999113,0.08967598499437787,0
,4452,626,200,426,0.047890032128479074,0.08275402026526084,0
,3597,540,200,340,0.05377705098236992,0.08858533514847926,0
,4194,600,200,400,0.05121879234997331,0.08725397446060304,0
,3955,576,200,376,0.05262192954002084,0.08682971927594439,0
,4235,604,200,404,0.050674486930399575,0.08669576192798804,0
,4379,618,200,418,0.04855441769579918,0.0829413222833802,0
,4318,612,200,412,0.047674966162243634,0.08606137360196799,0
Average
,5519,732,200,532,0.03876175997533691,0.07676679449720578,0
,6498,830,200,630,0.03629428174251483,0.07725466052629673,0
,5279,708,200,508,0.04096980291628941,0.0756476666732397,0
,5999,780,200,580,0.03811081776618034,0.07920744066923174,0
,6400,820,200,620,0.03655837282885668,0.07809843858911493,0
,6440,824,200,624,0.03774067518061652,0.07848871232647443,0
,5098,690,200,490,0.03837588205174165,0.07402871584484731,0
,6360,816,200,616,0.03548733611767385,0.07528445892878603,0
,6120,792,200,592,0.03787662565844197,0.0799571621634955,0
,6119,792,200,592,0.03978533056117022,0.0812383550233581,0
Average
,7340,914,200,714,0.034425740505744665,0.07545408575833298,0
,8500,1030,200,830,0.02872332724995625,0.07026775719713428,0
,6760,856,200,656,0.03415065508514974,0.07181605813898603,0
,8080,988,200,788,0.029675305185079243,0.06984798375710466,0
,7520,932,200,732,0.03169386458167491,0.0705460222678,0
,8420,1022,200,822,0.028857737631416205,0.0695991177793606,0
,7800,960,200,760,0.031170710107521222,0.07443494989881508,0
,7980,978,200,778,0.031084340153518686,0.07171140281512713,0
,8520,1032,200,832,0.029086317588306796,0.07113574764128416,0
,7580,938,200,738,0.02992611306406874,0.0671411686804792,0
Average
,8920,1072,200,872,0.026219851435015113,0.06685625811253502,0
,9980,1178,200,978,0.022614366152414803,0.059371531924363896,0
,10640,1244,200,1044,0.02295032400309954,0.06284088835519754,0
,9180,1098,200,898,0.026281733340634206,0.06612914733870433,0
,9560,1136,200,936,0.026246951955071908,0.06792733540450943,0
,8440,1024,200,824,0.02948944440954327,0.07036929019862471,0
,9240,1104,200,904,0.027174462273835145,0.06835137178259187,0
,10840,1264,200,1064,0.024170901829972738,0.06454894890017139,0
,10300,1210,200,1010,0.02528863893323244,0.06775029258102508,0
,10440,1224,200,1024,0.02269236725129178,0.06160894153189139,0
Average
,11400,1320,200,1120,0.02187265575812359,0.06091053679955363,0
,12680,1448,200,1248,0.020450867749909115,0.06087181482498625,0
,10580,1238,200,1038,0.02386065180974588,0.0619912157991875,0
,12540,1434,200,1234,0.0205479409508017,0.06094777710287281,0
,10180,1198,200,998,0.023744433803264825,0.06361188560606529,0
,11880,1368,200,1168,0.02303457968663647,0.06505235466103551,0
,12960,1476,200,1276,0.02085541244929602,0.06252620336310678,0
,12560,1436,200,1236,0.019970985760613194,0.06045206262442324,0
,12920,1472,200,1272,0.020698153993653646,0.06141334237906722,0
,11040,1284,200,1084,0.02400770941859362,0.06561289407540451,0
Line 1; 200
,2106,394,200,194,0.08209592018359613,0.09990416293648167,0
,1970,380,200,180,0.07712437933615776,0.09377789562915373,0
,2153,398,200,198,0.08002483722076317,0.10169095481691154,0
,2036,386,200,186,0.08281487374866701,0.10017629224644704,0
,2197,402,200,202,0.07553612232182942,0.09746183986710434,0
,2431,426,200,226,0.07108530177440443,0.09713215975671541,0
,2099,392,200,192,0.0752544232928501,0.09562457661371852,0
,2252,408,200,208,0.07853861339503843,0.1008976582364458,0
,2076,390,200,190,0.0792423706760379,0.09536410475543208,0
,2289,412,200,212,0.07182975642103252,0.09593927746469029,0
Average
,4056,586,200,386,0.05114150574884171,0.0877055006962803,0
,3919,572,200,372,0.052853540324269324,0.08586482499003505,0
,4116,592,200,392,0.05018386410255947,0.08875194356818364,0
,4074,588,200,388,0.04910074172680912,0.08414315285067189,0
,3859,566,200,366,0.05123417041437847,0.08740511877788384,0
,4057,586,200,386,0.05229708809266709,0.08786577360985934,0
,4237,604,200,404,0.05365542298734872,0.09169100457685408,0
,3735,554,200,354,0.05404540989949039,0.08939327869215324,0
,3895,570,200,370,0.053215925990080286,0.08573340214544971,0
,4456,626,200,426,0.0504924793869663,0.088842959750316,0
Average
,6159,796,200,596,0.03641367277530864,0.07499545598223548,0
,6157,796,200,596,0.03803884868318713,0.07685461623138447,0
,6140,794,200,594,0.0384038331170159,0.07864069138361304,0
,6479,828,200,628,0.036587935996675015,0.07809709800995514,0
,6039,784,200,584,0.040722054351754286,0.08238040894688203,0
,6180,798,200,598,0.038831911213236314,0.0801430248844461,0
,6139,794,200,594,0.03846382943984205,0.07975271918609514,0
,6440,824,200,624,0.03446770116885483,0.07300906221324119,0
,6359,816,200,616,0.03631933186708958,0.07605100759675769,0
,5980,778,200,578,0.036929791709693384,0.07584429270987476,0
Average
,7520,932,200,732,0.032070822664032085,0.07429523588662118,0
,8520,1032,200,832,0.029835161508057335,0.07252024914903085,0
,8420,1022,200,822,0.02845470578390001,0.06839289691962273,0
,7960,976,200,776,0.03211256393064324,0.07392365289472085,0
,8119,992,200,792,0.03195737866540931,0.07512242613088128,0
,7680,948,200,748,0.0335792499762483,0.07487484667025321,0
,8320,1012,200,812,0.028722945098535627,0.06999207507861169,0
,7700,950,200,750,0.0315579244180667,0.07454532441724561,0
,8560,1036,200,836,0.028749610903475435,0.06881236029228546,0
,7920,972,200,772,0.030203111773825755,0.07238454955147602,0
Average
,9720,1152,200,952,0.025136462451327685,0.06443624992935669,0
,10300,1210,200,1010,0.023493094904231484,0.06380717222811269,0
,9800,1160,200,960,0.024283286306771384,0.06573107333661218,0
,9600,1140,200,940,0.02817971977159137,0.07130529726051708,0
,9860,1166,200,966,0.02598602629695163,0.06998669136757998,0
,10200,1200,200,1000,0.025237444773676294,0.06610553142211474,0
,10220,1202,200,1002,0.02466947346261103,0.06544011232394584,0
,10480,1228,200,1028,0.024490722988666502,0.06584212352103112,0
,9680,1148,200,948,0.027423930741262096,0.07017919148150427,0
,9980,1178,200,978,0.026638934268823477,0.07010452535281361,0
Average
,11920,1372,200,1172,0.022005589860070365,0.06226291774752012,0
,11980,1378,200,1178,0.021881104112511984,0.06377473006844202,0
,11900,1370,200,1170,0.021924694031926265,0.06355449859455056,0
,12380,1418,200,1218,0.021008643500938954,0.059936050443282846,0
,12260,1406,200,1206,0.021633009301469934,0.06240248197577726,0
,11560,1336,200,1136,0.021292326806577774,0.05744686505195585,0
,12260,1406,200,1206,0.021345239390694108,0.0631354380963721,0
,12120,1392,200,1192,0.021257892523311738,0.06200048842819107,0
,11760,1356,200,1156,0.02160461517661633,0.0628780532450698,0
,11980,1378,200,1178,0.022283912063722062,0.0625911947719739,0
Line 2; 200
,2230,406,200,206,0.0709651618034183,0.09446605603615557,0
,2360,418,200,218,0.06902594966643491,0.09220128297108171,0
,2457,428,200,228,0.0733487978033795,0.09455033673080068,0
,2256,408,200,208,0.07228731870548777,0.09523525747196371,0
,2536,436,200,236,0.06768805218849838,0.09611094665609893,0
,2436,426,200,226,0.07039615642348152,0.09837489900474528,0
,2458,428,200,228,0.06571628532115067,0.08949257468465582,0
,2853,468,200,268,0.0614472005939547,0.08932576236299324,0
,1954,378,200,178,0.08219803188381136,0.09926458005985983,0
,2372,420,200,220,0.06804808438485381,0.08986607211372996,0
Average
,4934,674,200,474,0.04235617908638137,0.0785966287660254,0
,5096,690,200,490,0.038406309986895544,0.07460261256927217,0
,4678,648,200,448,0.042061199359300826,0.07967770918427747,0
,4338,614,200,414,0.04756819314555839,0.08472952220862569,0
,4697,650,200,450,0.04176556015241895,0.07753383550532594,0
,5155,696,200,496,0.03786118521521058,0.07622386147173607,0
,5137,694,200,494,0.04147708878082636,0.08135419197449499,0
,4539,634,200,434,0.04949972274176421,0.08968974902053709,0
,4635,644,200,444,0.044567220924503936,0.0792937404315533,0
,4996,680,200,480,0.04321534879390295,0.08175649984049987,0
Average
,7300,910,200,710,0.03136147691292945,0.07257728491564953,0
,6820,862,200,662,0.03445849742584585,0.07682931812492273,0
,7100,890,200,690,0.03427288651282225,0.07542380773030317,0
,6800,860,200,660,0.03180463458529722,0.07155766431499457,0
,6599,840,200,640,0.0338966199585637,0.072450314287935,0
,7158,896,200,696,0.030948204487318418,0.07194010154018289,0
,7019,882,200,682,0.03188380388697349,0.07069929761182103,0
,6860,866,200,666,0.031988784584571626,0.06985616109191707,0
,7320,912,200,712,0.032116936921922704,0.07214431598629485,0
,6680,848,200,648,0.03164789965951195,0.06734695303122687,0
Average
,9420,1122,200,922,0.02653962085345534,0.0688879386508244,0
,9260,1106,200,906,0.026207463166434984,0.06805038820398236,0
,9380,1118,200,918,0.02505909526372819,0.06359933662407243,0
,9420,1122,200,922,0.024785391780143558,0.06382849653922013,0
,9120,1092,200,892,0.026304396917093284,0.06535873581168553,0
,9540,1134,200,934,0.024352058070944982,0.06314239763624847,0
,9200,1100,200,900,0.024497509161010934,0.06462207702895549,0
,9160,1096,200,896,0.0262449417084393,0.06650200909282211,0
,9100,1090,200,890,0.025297390844102395,0.06524363274298761,0
,9640,1144,200,944,0.024432003758883658,0.06462955564846808,0
Average
,11920,1372,200,1172,0.021171269066948693,0.05957200579887449,0
,10400,1220,200,1020,0.02248985818065227,0.061988038643285955,0
,12360,1416,200,1216,0.021221561162301124,0.06410400682095663,0
,11980,1378,200,1178,0.022363728759178133,0.06545443111446604,0
,11240,1304,200,1104,0.02204463875096901,0.06104325696844576,0
,10980,1278,200,1078,0.022421273517995666,0.061003921588313484,0
,11900,1370,200,1170,0.021097959525419346,0.06145948823020643,0
,12140,1394,200,1194,0.020013047676318924,0.059543708093482216,0
,11500,1330,200,1130,0.02149423162782431,0.06230102906618639,0
,11380,1318,200,1118,0.021407704086460998,0.060544890008342844,0
Average
,13960,1576,200,1376,0.01861811040085395,0.05826979258871685,0
,14620,1642,200,1442,0.01690231312000571,0.05341488283038256,0
,14140,1594,200,1394,0.01720237194337698,0.05400618358784814,0
,14080,1588,200,1388,0.017939858836301933,0.058003488551045056,0
,14420,1622,200,1422,0.018223896722815516,0.05636290723058825,0
,13300,1510,200,1310,0.01868147750038022,0.056696872432615536,0
,13840,1564,200,1364,0.01778068206970008,0.05821887509424237,0
,14240,1604,200,1404,0.016832011080413708,0.05408327426912523,0
,15020,1682,200,1482,0.015571103557789439,0.05229816072960946,0
,13680,1548,200,1348,0.01949221053866896,0.06029886191331309,0
Sin 2; 200
,2058,388,200,188,0.07656489149707904,0.09840695410607751,0
,2079,390,200,190,0.0761369261742126,0.09804047690293283,0
,2169,400,200,200,0.08147035111310462,0.10297649827087148,0
,2294,412,200,212,0.0730939906565619,0.09714365687979132,0
,2052,388,200,188,0.07409779005715628,0.0896788006333493,0
,2217,404,200,204,0.07413415883880897,0.0989037312979028,0
,2194,402,200,202,0.07298266738217085,0.09243630258333951,0
,1993,382,200,182,0.07999417387969958,0.1015012082332944,0
,2149,398,200,198,0.07773190831076032,0.09814370208395627,0
,2217,404,200,204,0.07860231809418425,0.09732426819859791,0
Average
,4238,604,200,404,0.050502706950025594,0.088394689732062,0
,3953,576,200,376,0.04837136163789202,0.08357449176881106,0
,3877,568,200,368,0.05176252614273859,0.08705457615092348,0
,4060,586,200,386,0.05196924773296156,0.08860762426392155,0
,4357,616,200,416,0.051169038418932514,0.08847173107227906,0
,4119,592,200,392,0.05444175214463717,0.0922027052838407,0
,4216,602,200,402,0.04960921136925229,0.08371924486318523,0
,3795,560,200,360,0.05451836105132963,0.09167893411796704,0
,3734,554,200,354,0.060675980221681795,0.09534292388404786,0
,3975,578,200,378,0.0518849523800887,0.08576952602769784,0
Average
,6100,790,200,590,0.038200275913104126,0.07900203710966124,0
,6140,794,200,594,0.03635247175099027,0.0795635950895163,0
,6260,806,200,606,0.037071749724855406,0.07946020674163487,0
,6020,782,200,582,0.03711000071042576,0.07730801798857422,0
,6519,832,200,632,0.037672991356358786,0.07996786069913214,0
,6440,824,200,624,0.03821025858047739,0.0826332316658546,0
,6539,834,200,634,0.03365269945808839,0.07131168914226287,0
,6379,818,200,618,0.03428241232280758,0.07512424522723873,0
,6199,800,200,600,0.038106984124659196,0.07810002148931107,0
,6120,792,200,592,0.040334042768076124,0.0820770522132046,0
Average
,8100,990,200,790,0.030288161653447027,0.07211950002750063,0
,7680,948,200,748,0.03299090702175078,0.07516884843649074,0
,8040,984,200,784,0.02938094852702616,0.07172990235448735,0
,8400,1020,200,820,0.02837262775200353,0.06979524068707056,0
,7700,950,200,750,0.03148340120305956,0.0728510574012592,0
,8500,1030,200,830,0.028994281267109963,0.07114164991968192,0
,8340,1014,200,814,0.03006919422043988,0.07282557169500926,0
,8300,1010,200,810,0.029742517074737036,0.07017698215682693,0
,8660,1046,200,846,0.029963880709408218,0.07187448485986328,0
,8320,1012,200,812,0.03138062155822639,0.07458824262696274,0
Average
,9980,1178,200,978,0.024855087370090564,0.0648374365055438,0
,10560,1236,200,1036,0.024167277945338357,0.065475049543662,0
,10340,1214,200,1014,0.024604279189010602,0.06586714214230145,0
,10200,1200,200,1000,0.024212909043361222,0.06478702872317393,0
,10300,1210,200,1010,0.02595014905658154,0.06772480820141229,0
,10320,1212,200,1012,0.025179700671439605,0.06686657188563372,0
,9940,1174,200,974,0.02548192916237144,0.06557972203141955,0
,9760,1156,200,956,0.02505340354461338,0.06508679626312838,0
,9920,1172,200,972,0.025296945102453235,0.06623476097034246,0
,10540,1234,200,1034,0.0234349677802452,0.06253466811177538,0
Average
,11300,1310,200,1110,0.023064468826534176,0.06545907114791048,0
,12280,1408,200,1208,0.020865387425113745,0.06094621077864072,0
,12080,1388,200,1188,0.02169508857142184,0.06321999515078361,0
,12520,1432,200,1232,0.020699636067819847,0.05977014055793491,0
,11220,1302,200,1102,0.023627957493845525,0.06440782019933979,0
,12000,1380,200,1180,0.02211901565977227,0.06409088527854799,0
,12760,1456,200,1256,0.020493156561113973,0.062344815589856654,0
,11860,1366,200,1166,0.02014305312945345,0.057045884239496004,0
,12080,1388,200,1188,0.022339269829143242,0.06383909423276336,0
,11880,1368,200,1168,0.024439806998076463,0.06678089952124314,0
Sin 1; 200
,2457,428,200,228,0.06245410795867492,0.08333839705048152,0
,2697,452,200,252,0.06603841890198556,0.09113542974788286,0
,2394,422,200,222,0.07116280752146383,0.0961561788075156,0
,2415,424,200,224,0.0719554234414116,0.10046088787349097,0
,2827,466,200,266,0.06167654427775361,0.09088969625652481,0
,2813,464,200,264,0.06292543322537174,0.0926958637730981,0
,2569,440,200,240,0.06787113372701432,0.09319073691991682,0
,3011,484,200,284,0.0627191007360875,0.09173544064614374,0
,2830,466,200,266,0.068218876414135,0.09867138822172238,0
,2315,414,200,214,0.07443836755693829,0.09558089869167082,0
Average
,5377,718,200,518,0.04063699880007072,0.07786618381472851,0
,5314,712,200,512,0.036314076805222834,0.07023031648014302,0
,5238,704,200,504,0.03960731617680106,0.07834782231379173,0
,5256,706,200,506,0.042503109689440065,0.0796018024216712,0
,4957,676,200,476,0.0405916666585246,0.0771386367097655,0
,5156,696,200,496,0.04173703368466905,0.08014839246335281,0
,5497,730,200,530,0.04075897650603842,0.07993363662503099,0
,5036,684,200,484,0.042106506543419256,0.07964358070933683,0
,5656,746,200,546,0.037866592188275705,0.0776167835192836,0
,5436,724,200,524,0.038397540594399655,0.07626918970980748,0
Average
,7499,930,200,730,0.02988831338686648,0.06891492060374378,0
,7539,934,200,734,0.03034703817764582,0.07035347738030817,0
,7719,952,200,752,0.03087305130850973,0.07313624420630918,0
,7578,938,200,738,0.031751731842786915,0.07408968123436929,0
,7698,950,200,750,0.029509925670372042,0.07069280791341061,0
,7420,922,200,722,0.02973065805370516,0.06985134685117457,0
,7760,956,200,756,0.02868157999195223,0.0668468160486929,0
,7960,976,200,776,0.02866361046118748,0.06837952936468127,0
,7859,966,200,766,0.02763557795533897,0.06720083174442695,0
,7340,914,200,714,0.03260821995225243,0.07304435970365136,0
Average
,10500,1230,200,1030,0.0208039680297321,0.05786190472299542,0
,10860,1266,200,1066,0.021843008694356607,0.06291820139789017,0
,10580,1238,200,1038,0.02079165143380216,0.0582127188873294,0
,10480,1228,200,1028,0.024036747585873406,0.06526360996770363,0
,9940,1174,200,974,0.02437610156533864,0.06300927928502768,0
,9880,1168,200,968,0.023568374178577562,0.06127905407269634,0
,10220,1202,200,1002,0.022242601010262285,0.059647755463801286,0
,10600,1240,200,1040,0.0227678729314355,0.06414571776898399,0
,10480,1228,200,1028,0.02230566077126276,0.06138173814078285,0
,10099,1190,200,990,0.023670189625233422,0.0626096817582025,0
Average
,12380,1418,200,1218,0.019878989564067202,0.059166642600623674,0
,12640,1444,200,1244,0.018534565876711588,0.05586567439089122,0
,12740,1454,200,1254,0.01912599265096657,0.05603673333299054,0
,12480,1428,200,1228,0.01969140486255382,0.058705580444718485,0
,12420,1422,200,1222,0.021116871229934588,0.06172278731369097,0
,13280,1508,200,1308,0.019456034568315662,0.05940222821701218,0
,12480,1428,200,1228,0.020224610756012545,0.061344587965313474,0
,12680,1448,200,1248,0.020628378465215876,0.060697439799699465,0
,13060,1486,200,1286,0.01912486246468482,0.05697906644962178,0
,12300,1410,200,1210,0.019744893103794448,0.05805989139087463,0
Average
,15400,1720,200,1520,0.014693362225401933,0.048658523968141715,0
,15220,1702,200,1502,0.015570846143810895,0.04952011009535517,0
,15300,1710,200,1510,0.016515753356355505,0.0529348531961471,0
,14940,1674,200,1474,0.015824020649347743,0.052387247161647436,0
,15020,1682,200,1482,0.01654588368952558,0.05425497411599528,0
,15940,1774,200,1574,0.015332706845941318,0.0517029258711728,0
,15340,1714,200,1514,0.017004100228966753,0.05463768491463463,0
,13860,1566,200,1366,0.018118316455931763,0.05627365746180643,0
,14840,1664,200,1464,0.017213276179118293,0.05571871905422603,0
,14720,1652,200,1452,0.017564541386882886,0.05611338300663574,0
Triangle 1; 200
,288,212,200,12,0.15274422239102922,0.08900284001564686,0
,332,216,200,16,0.14043782346909395,0.0992099443987818,0
,478,230,200,30,0.13184492027335018,0.08836084299119992,0
,436,226,200,26,0.14311496800410048,0.09555566276880223,0
,250,208,200,8,0.15413487906299606,0.0905323818543856,0
,457,228,200,28,0.15594491042771302,0.10004913203380496,0
,516,234,200,34,0.1359049733330763,0.10605379956460173,0
,399,222,200,22,0.1462810083644705,0.08554324908530735,0
,401,222,200,22,0.14397479080939762,0.09364139313374309,0
,533,236,200,36,0.1213577115444992,0.09516984554535313,0
Average
,894,270,200,70,0.12047206033331143,0.10383995754159006,0
,655,246,200,46,0.13305333536456015,0.09852473071040659,0
,778,258,200,58,0.11788978075989243,0.10345113267500596,0
,656,246,200,46,0.12283808558863174,0.10095930624514023,0
,978,278,200,78,0.11950279655160628,0.10898957317571382,0
,915,272,200,72,0.10962029630139344,0.09895869798011003,0
,995,280,200,80,0.1096071524623403,0.09826237508519879,0
,938,274,200,74,0.11193010255160386,0.10403236413989735,0
,1234,304,200,104,0.10135649268531226,0.09929309700233395,0
,916,272,200,72,0.10558207498584288,0.10044807575987254,0
Average
,640,244,200,44,0.1281320639790444,0.09575245201623189,0
,860,266,200,66,0.11623489474413883,0.09427461932832014,0
,1620,342,200,142,0.08527954024167318,0.09799688045320165,0
,1480,328,200,128,0.09482285836376592,0.10283388736253181,0
,1079,288,200,88,0.11301646015259946,0.10903917256299506,0
,1220,302,200,102,0.10482969320866294,0.10633680839082013,0
,1040,284,200,84,0.11479927821579154,0.10938099266535109,0
,1398,320,200,120,0.10044928387027505,0.10556690667647005,0
,460,226,200,26,0.14143506591435534,0.09274657257437605,0
,1498,330,200,130,0.08842582557257296,0.09430669817062763,0
Average
,1240,304,200,104,0.10889665942700637,0.10418112775628176,0
,1300,310,200,110,0.09829137028003641,0.098274846578071,0
,680,248,200,48,0.13112123184388255,0.10193866139316754,0
,1420,322,200,122,0.09541603570461583,0.10059779932214984,0
,1360,316,200,116,0.10110160213713403,0.1026572288357202,0
,1000,280,200,80,0.11513931048176625,0.10423776783985614,0
,920,272,200,72,0.11364407342135807,0.09984571056620384,0
,1240,304,200,104,0.10348333328548398,0.10645343590556611,0
,1320,312,200,112,0.09559210522454666,0.10131407678732415,0
,1760,356,200,156,0.08770145558565462,0.09986030367462671,0
Average
,1240,304,200,104,0.10676390316383334,0.10980154226093931,0
,2420,422,200,222,0.07659271609084771,0.10453332371021376,0
,1740,354,200,154,0.08353472329180865,0.09713538044217739,0
,2080,388,200,188,0.07780232328679638,0.09728476210622986,0
,1440,324,200,124,0.09095745762127905,0.10102507494166528,0
,2580,438,200,238,0.06843765041558172,0.09651280461815122,0
,1900,370,200,170,0.08477330601684976,0.10310469463676468,0
,2260,406,200,206,0.0753463554688896,0.09857553799220203,0
,1380,318,200,118,0.09914237839373959,0.1079075994781123,0
,1720,352,200,152,0.08861347281685134,0.10116404405459468,0
Average
,2560,436,200,236,0.07391545586811489,0.09756180218316411,0
,2180,398,200,198,0.07954780438238036,0.09939190779728004,0
,2380,418,200,218,0.07397231042431857,0.09829570270974136,0
,2760,456,200,256,0.06791382475131594,0.10004195006326669,0
,1800,360,200,160,0.08599390264778324,0.10215781042341081,0
,1680,348,200,148,0.08926180147970882,0.09976758804680065,0
,1400,320,200,120,0.1038500753655752,0.10597596005274858,0
,2420,422,200,222,0.07550296901629082,0.09805922964242215,0
,2040,384,200,184,0.08145822303554845,0.09783387137644244,0
,2880,468,200,268,0.06922237717101948,0.09815133294413853,0
Triangl 2; 200
,2337,416,200,216,0.0658969265371083,0.08708797890857371,0
,1666,350,200,150,0.08526098996275987,0.09966467107019022,0
,2209,404,200,204,0.07129386022569563,0.09439974291645059,0
,2197,402,200,202,0.07032034635257446,0.09286050963384239,0
,2071,390,200,190,0.07671781655388181,0.09686342948207628,0
,2115,394,200,194,0.07372083965537861,0.09865132338448035,0
,2249,408,200,208,0.07717423617903801,0.10115386082672612,0
,2091,392,200,192,0.0762425974723045,0.09538263432147231,0
,2217,404,200,204,0.06831380807102033,0.08605880811410342,0
,2299,412,200,212,0.0723820586606716,0.09675779239434258,0
Average
,4436,624,200,424,0.048428496185672944,0.08626470489665312,0
,4136,594,200,394,0.049904378274841676,0.08870635274528338,0
,3915,572,200,372,0.05094713439846426,0.08410708385674871,0
,3875,568,200,368,0.05577195672548862,0.09242615158263308,0
,4496,630,200,430,0.045393120108308815,0.08358070746313259,0
,3334,514,200,314,0.05786545089891912,0.08892551616626324,0
,3916,572,200,372,0.052721761725182156,0.08945943705172581,0
,4038,584,200,384,0.051605515174841875,0.08578058905135713,0
,3997,580,200,380,0.05141638225237419,0.09294670654350454,0
,3278,508,200,308,0.06120725391677254,0.09490083659324419,0
Average
,5740,754,200,554,0.03933991647616352,0.08160024849773578,0
,5680,748,200,548,0.037639959517004655,0.07689198831320121,0
,5580,738,200,538,0.03898443381027754,0.07931903510547827,0
,5840,764,200,564,0.037973731983932286,0.07768335214265744,0
,6060,786,200,586,0.03851616565837132,0.08054513814958376,0
,5580,738,200,538,0.04090075596858302,0.0817479499742848,0
,6040,784,200,584,0.03514905225933769,0.07120347107818957,0
,5659,746,200,546,0.04015794272585915,0.08261547959702609,0
,5520,732,200,532,0.037936333464872254,0.07433034020225064,0
,5320,712,200,512,0.039994510382426414,0.0794694524199721,0
Average
,6520,832,200,632,0.036148964717496075,0.07702513288086409,0
,7640,944,200,744,0.031975086345487125,0.0767429796720193,0
,7720,952,200,752,0.02952490455306622,0.06889241551760046,0
,7820,962,200,762,0.03046498165962814,0.0714573486875258,0
,7199,900,200,700,0.031563760788139605,0.07186224498549093,0
,7080,888,200,688,0.03091860693754314,0.07088622892324455,0
,7700,950,200,750,0.03241006013010082,0.07467600430625065,0
,6840,864,200,664,0.03480375831061373,0.07463308965053783,0
,8940,1074,200,874,0.025432372098157515,0.0654107748530105,0
,8540,1034,200,834,0.027509901429554957,0.06728476424957534,0
Average
,9579,1138,200,938,0.023910744940087436,0.06281109995203946,0
,9980,1178,200,978,0.023996664360800158,0.06157898362861128,0
,10040,1184,200,984,0.024606259971945984,0.06669817367100708,0
,10560,1236,200,1036,0.023882777726370926,0.06429473400086565,0
,8740,1054,200,854,0.02754044617901312,0.06835820986304136,0
,9420,1122,200,922,0.025966616106916883,0.06522907929727345,0
,10000,1180,200,980,0.024027373563590266,0.06422074683747853,0
,10620,1242,200,1042,0.022381300346144883,0.06361820268104636,0
,9060,1086,200,886,0.025962275666026807,0.06339157469838005,0
,10180,1198,200,998,0.02424477065860207,0.06461828372226894,0
Average
,11980,1378,200,1178,0.02222043081958259,0.06215648959393176,0
,11340,1314,200,1114,0.019439324281779708,0.05475525526001275,0
,10160,1196,200,996,0.024618152363660852,0.06488216398006481,0
,11540,1334,200,1134,0.023061161295066416,0.06313347973563008,0
,10900,1270,200,1070,0.022833746693783703,0.0629899357187863,0
,10780,1258,200,1058,0.023241335120061605,0.06385924222210662,0
,10320,1212,200,1012,0.024440868714613772,0.06540200275834103,0
,10820,1262,200,1062,0.021507496707495556,0.059328316760700696,0
,12120,1392,200,1192,0.02076826897307502,0.05930510131571905,0
,11880,1368,200,1168,0.021591956098227384,0.06110060687473239,0
